Genome	10p_S10_1.fastq Relative Abundance (%)	10p_S10_1.fastq Variance	10p_S10_1.fastq RPKM	10p_S10_1.fastq TPM	10_S36_1.fastq Relative Abundance (%)	10_S36_1.fastq Variance	10_S36_1.fastq RPKM	10_S36_1.fastq TPM	11p_S11_1.fastq Relative Abundance (%)	11p_S11_1.fastq Variance	11p_S11_1.fastq RPKM	11p_S11_1.fastq TPM	11_S37_1.fastq Relative Abundance (%)	11_S37_1.fastq Variance	11_S37_1.fastq RPKM	11_S37_1.fastq TPM	12p_S12_1.fastq Relative Abundance (%)	12p_S12_1.fastq Variance	12p_S12_1.fastq RPKM	12p_S12_1.fastq TPM	12_S38_1.fastq Relative Abundance (%)	12_S38_1.fastq Variance	12_S38_1.fastq RPKM	12_S38_1.fastq TPM	13p_S13_1.fastq Relative Abundance (%)	13p_S13_1.fastq Variance	13p_S13_1.fastq RPKM	13p_S13_1.fastq TPM	13_S39_1.fastq Relative Abundance (%)	13_S39_1.fastq Variance	13_S39_1.fastq RPKM	13_S39_1.fastq TPM	14p_S14_1.fastq Relative Abundance (%)	14p_S14_1.fastq Variance	14p_S14_1.fastq RPKM	14p_S14_1.fastq TPM	14_S40_1.fastq Relative Abundance (%)	14_S40_1.fastq Variance	14_S40_1.fastq RPKM	14_S40_1.fastq TPM	15p_S15_1.fastq Relative Abundance (%)	15p_S15_1.fastq Variance	15p_S15_1.fastq RPKM	15p_S15_1.fastq TPM	15_S41_1.fastq Relative Abundance (%)	15_S41_1.fastq Variance	15_S41_1.fastq RPKM	15_S41_1.fastq TPM	16p_S16_1.fastq Relative Abundance (%)	16p_S16_1.fastq Variance	16p_S16_1.fastq RPKM	16p_S16_1.fastq TPM	16_S42_1.fastq Relative Abundance (%)	16_S42_1.fastq Variance	16_S42_1.fastq RPKM	16_S42_1.fastq TPM	17p_S17_1.fastq Relative Abundance (%)	17p_S17_1.fastq Variance	17p_S17_1.fastq RPKM	17p_S17_1.fastq TPM	17_S43_1.fastq Relative Abundance (%)	17_S43_1.fastq Variance	17_S43_1.fastq RPKM	17_S43_1.fastq TPM	18p_S18_1.fastq Relative Abundance (%)	18p_S18_1.fastq Variance	18p_S18_1.fastq RPKM	18p_S18_1.fastq TPM	18_S44_1.fastq Relative Abundance (%)	18_S44_1.fastq Variance	18_S44_1.fastq RPKM	18_S44_1.fastq TPM	19p_S19_1.fastq Relative Abundance (%)	19p_S19_1.fastq Variance	19p_S19_1.fastq RPKM	19p_S19_1.fastq TPM	19_S45_1.fastq Relative Abundance (%)	19_S45_1.fastq Variance	19_S45_1.fastq RPKM	19_S45_1.fastq TPM	1p_S1_1.fastq Relative Abundance (%)	1p_S1_1.fastq Variance	1p_S1_1.fastq RPKM	1p_S1_1.fastq TPM	20_S46_1.fastq Relative Abundance (%)	20_S46_1.fastq Variance	20_S46_1.fastq RPKM	20_S46_1.fastq TPM	21p_S21_1.fastq Relative Abundance (%)	21p_S21_1.fastq Variance	21p_S21_1.fastq RPKM	21p_S21_1.fastq TPM	21_S47_1.fastq Relative Abundance (%)	21_S47_1.fastq Variance	21_S47_1.fastq RPKM	21_S47_1.fastq TPM	22p_S22_1.fastq Relative Abundance (%)	22p_S22_1.fastq Variance	22p_S22_1.fastq RPKM	22p_S22_1.fastq TPM	22_S48_1.fastq Relative Abundance (%)	22_S48_1.fastq Variance	22_S48_1.fastq RPKM	22_S48_1.fastq TPM	23p_S23_1.fastq Relative Abundance (%)	23p_S23_1.fastq Variance	23p_S23_1.fastq RPKM	23p_S23_1.fastq TPM	23_S49_1.fastq Relative Abundance (%)	23_S49_1.fastq Variance	23_S49_1.fastq RPKM	23_S49_1.fastq TPM	24p_S24_1.fastq Relative Abundance (%)	24p_S24_1.fastq Variance	24p_S24_1.fastq RPKM	24p_S24_1.fastq TPM	24_S50_1.fastq Relative Abundance (%)	24_S50_1.fastq Variance	24_S50_1.fastq RPKM	24_S50_1.fastq TPM	2p_S2_1.fastq Relative Abundance (%)	2p_S2_1.fastq Variance	2p_S2_1.fastq RPKM	2p_S2_1.fastq TPM	2_S28_1.fastq Relative Abundance (%)	2_S28_1.fastq Variance	2_S28_1.fastq RPKM	2_S28_1.fastq TPM	3p_S3_1.fastq Relative Abundance (%)	3p_S3_1.fastq Variance	3p_S3_1.fastq RPKM	3p_S3_1.fastq TPM	3_S29_1.fastq Relative Abundance (%)	3_S29_1.fastq Variance	3_S29_1.fastq RPKM	3_S29_1.fastq TPM	4p_S4_1.fastq Relative Abundance (%)	4p_S4_1.fastq Variance	4p_S4_1.fastq RPKM	4p_S4_1.fastq TPM	4_S30_1.fastq Relative Abundance (%)	4_S30_1.fastq Variance	4_S30_1.fastq RPKM	4_S30_1.fastq TPM	5p_S5_1.fastq Relative Abundance (%)	5p_S5_1.fastq Variance	5p_S5_1.fastq RPKM	5p_S5_1.fastq TPM	5_S31_1.fastq Relative Abundance (%)	5_S31_1.fastq Variance	5_S31_1.fastq RPKM	5_S31_1.fastq TPM	6p_S6_1.fastq Relative Abundance (%)	6p_S6_1.fastq Variance	6p_S6_1.fastq RPKM	6p_S6_1.fastq TPM	6_S32_1.fastq Relative Abundance (%)	6_S32_1.fastq Variance	6_S32_1.fastq RPKM	6_S32_1.fastq TPM	7p_S7_1.fastq Relative Abundance (%)	7p_S7_1.fastq Variance	7p_S7_1.fastq RPKM	7p_S7_1.fastq TPM	7_S33_1.fastq Relative Abundance (%)	7_S33_1.fastq Variance	7_S33_1.fastq RPKM	7_S33_1.fastq TPM	8p_S8_1.fastq Relative Abundance (%)	8p_S8_1.fastq Variance	8p_S8_1.fastq RPKM	8p_S8_1.fastq TPM	8_S34_1.fastq Relative Abundance (%)	8_S34_1.fastq Variance	8_S34_1.fastq RPKM	8_S34_1.fastq TPM	9p_S9_1.fastq Relative Abundance (%)	9p_S9_1.fastq Variance	9p_S9_1.fastq RPKM	9p_S9_1.fastq TPM	9_S35_1.fastq Relative Abundance (%)	9_S35_1.fastq Variance	9_S35_1.fastq RPKM	9_S35_1.fastq TPM
unmapped	99.56338	NA	NA	NA	100	NA	NA	NA	83.322395	NA	NA	NA	84.55794	NA	NA	NA	100	NA	NA	NA	92.09713	NA	NA	NA	85.19451	NA	NA	NA	82.765976	NA	NA	NA	80.904945	NA	NA	NA	67.23395	NA	NA	NA	79.09914	NA	NA	NA	69.24952	NA	NA	NA	78.99127	NA	NA	NA	65.47752	NA	NA	NA	79.82795	NA	NA	NA	46.930473	NA	NA	NA	88.66941	NA	NA	NA	36.373375	NA	NA	NA	89.55954	NA	NA	NA	89.837494	NA	NA	NA	96.310715	NA	NA	NA	48.920204	NA	NA	NA	84.7843	NA	NA	NA	73.01084	NA	NA	NA	86.15147	NA	NA	NA	78.12917	NA	NA	NA	90.22448	NA	NA	NA	66.91357	NA	NA	NA	87.17735	NA	NA	NA	70.75688	NA	NA	NA	94.63126	NA	NA	NA	96.057045	NA	NA	NA	94.824776	NA	NA	NA	93.6797	NA	NA	NA	94.10891	NA	NA	NA	91.257805	NA	NA	NA	97.18921	NA	NA	NA	89.48748	NA	NA	NA	91.975655	NA	NA	NA	90.45349	NA	NA	NA	94.19122	NA	NA	NA	92.77437	NA	NA	NA	94.94285	NA	NA	NA	85.440895	NA	NA	NA	81.90769	NA	NA	NA	78.67759	NA	NA	NA
11p_S11_bin.29	0	0	0	0	NaN	0	0	0	0.14510413	519.9053	6.2830667	8968.105	0.051452905	39.09729	2.4574006	3866.7192	NaN	0	0	0	0	0	0	0	0	0	0	0	0	0	0	0	0.11953664	67.974525	3.8146174	6458.4243	0	0	0	0	0.10672576	680.1314	3.138792	5301.5723	0.044649642	0.7617914	0.6835212	1677.4227	0.057075206	125.710625	1.7549739	3001.3718	0.075951815	1.4308159	0.96453404	2411.7542	0	0	0	0	0	0	0	0	0	0	0	0	0	0	0	0	0	0	0	0	0	0	0	0	0	0	0	0	0	0	0	0	0	0	0	0	0	0	0	0	0	0	0	0	0	0	0	0	0	0	0	0	0	0	0	0	0	0	0	0	0	0	0	0	0	0	0	0	0	0	0	0	0.036938142	206.26936	7.5300117	8363.795	0	0	0	0	0.029327516	38.290974	5.6467495	6511.4688	0.04424878	93.82001	4.436664	6030.107	0	0	0	0	0	0	0	0	0	0	0	0	0	0	0	0	0	0	0	0	0	0	0	0	0	0	0	0	0.022684641	63.090416	1.7137033	2558.0608	0.10708589	402.14554	4.3934054	6477.0586	0.08732808	1.059318	2.5926797	4444.5522
146_merged	0	0	0	0	NaN	0	0	0	0.12908356	2086.1575	5.703068	8140.2446	0.08822804	119.81341	3.8747084	6096.855	NaN	0	0	0	0	0	0	0	0.47347897	421.7975	19.318163	31613.406	0	0	0	0	0.3104544	403.541	9.772716	16545.926	0.8899294	1247.4775	9.95927	26805.87	0.5425427	5031.917	15.036195	25396.865	0.712499	12.851056	9.310914	22849.822	0.45991987	2272.1143	13.123758	22444.37	0.67671275	13.761932	7.8646493	19665.041	0	0	0	0	0	0	0	0	0	0	0	0	0	0	0	0	0	0	0	0	0	0	0	0	0	0	0	0	0	0	0	0	0	0	0	0	0	0	0	0	0	0	0	0	0	0	0	0	0	0	0	0	0.050918374	6.6294928	0.8831979	1979.3901	0	0	0	0	0	0	0	0	0	0	0	0	0	0	0	0	0	0	0	0	0	0	0	0	0	0	0	0	0.061534993	182.0426	5.6122007	7627.8413	0	0	0	0	0.027498437	297.8791	2.2218056	3495.8577	0.14877532	1197.6039	16.164963	19814.639	0	0	0	0	0	0	0	0	0	0	0	0	0	0	0	0	0.040346168	218.91261	2.2308292	3329.9795	0.22458851	1495.9144	8.636698	12732.812	0.16466008	2.9017587	4.709695	8073.6895
8_S34_bin.1	0	0	0	0	NaN	0	0	0	0	0	0	0	0	0	0	0	NaN	0	0	0	0	0	0	0	0	0	0	0	0	0	0	0	0	0	0	0	0	0	0	0	0	0	0	0	0	0	0	0	0	0	0	0	0	0	0	0	0	0	0	0	0	0	0	0	0	0	0	0	0	0	0	0	0	0	0	0	0	0	0	0	0	0	0	0	0	0	0	0	0	0	0	0	0	0	0	0	0	0	0	0	0	0	0	0	0	0	0	0	0	0	0	0	0	0	0	0	0	0	0	0	0	0	0	0	0	0	0	0	0	0	0	0	0	0	0	0	0	0	0	0	0	0	0	0	0	0	0	0	0.04630986	56.95165	2.6956131	4241.361	0	0	0	0	0	0	0	0	0	0	0	0	0	0	0	0	0	0	0	0	0.88956165	888.84546	39.488026	58944.156	0	0	0	0	0	0	0	0
149_merged	0	0	0	0	NaN	0	0	0	0	0	0	0	0	0	0	0	NaN	0	0	0	0	0	0	0	0	0	0	0	3.3273203	2102.6294	65.820496	194238.34	0	0	0	0	3.6310408	6097.9263	40.51117	109037.85	0	0	0	0	4.4841447	70.89945	56.941135	139738.66	0	0	0	0	6.3926954	143.51253	71.1834	177989.44	0	0	0	0	0	0	0	0	0	0	0	0	0.07381944	90.62909	0.6822494	1297.5642	0	0	0	0	0	0	0	0	0	0	0	0	0	0	0	0	0	0	0	0	0	0	0	0	0	0	0	0	0	0	0	0	0	0	0	0	0.3310988	10.654498	4.600084	10309.535	0	0	0	0	0.26617193	330.77713	3.8891985	9556.31	0	0	0	0	0	0	0	0	0	0	0	0	0	0	0	0	0	0	0	0	0	0	0	0	0	0	0	0	0	0	0	0	0	0	0	0	0	0	0	0	0	0	0	0	0	0	0	0	0	0	0	0	0	0	0	0	0	0	0	0	0	0	0	0
4p_S4_bin.8	0	0	0	0	NaN	0	0	0	1.042859	14272.725	43.7009	62376.266	1.3546641	1714.539	56.212814	88450.875	NaN	0	0	0	1.2439928	7250.8154	102.48542	152944.86	0.72334915	638.2591	30.596119	50069.332	0	0	0	0	0.5743027	709.55896	18.651455	31578.287	0.771089	1172.6455	9.676496	26044.771	0.59956735	7652.8022	17.165003	28992.521	0.7307278	27.959896	10.802016	26509.121	0.54587376	2990.268	16.188803	27686.236	0.83234227	40.59018	10.526314	26320.365	0.18034905	234.75908	8.3755	9869.593	0	0	0	0	0	0	0	0	0	0	0	0	0	0	0	0	0	0	0	0	0.37063822	3174.694	94.392586	103829.82	0.07115185	1.1511601	0.756386	1494.6671	0.36147377	808.04895	15.504347	25156.742	0	0	0	0	0.2759249	1063.1451	14.267314	22279.164	0	0	0	0	0	0	0	0	0.11202561	1.4328339	1.8025378	4039.7813	0.39348215	575.547	20.117163	31870.79	0.1210175	74.89811	1.9837168	4874.273	0.49804607	3.675885	79.93361	91637.45	0.41191733	0.7307334	97.89375	104224.75	0.41458884	2280.5383	70.57109	78385.27	0.5490448	4.584102	60.435287	85487.88	0.6760035	772.2512	96.450775	111220.836	0.68791336	1615.6774	57.15528	77682.78	0	0	0	0	0.37284145	740.71606	22.757473	35807.313	0.39255685	2982.4294	41.151627	50442.71	0.40181875	5.1829796	30.84451	42627.883	0.33825487	10701.139	54.029984	58628.63	0.28235188	1907.2925	33.42212	40299.047	0.27315888	15.385254	49.22157	54281.914	0.5978106	1043.7189	27.615858	41222.453	1.1313593	7846.362	42.300674	62362.555	2.2022014	65.130936	60.383698	103513.94
11p_S11_bin.72	0	0	0	0	NaN	0	0	0	0.18575299	463.19904	7.971132	11377.554	0	0	0	0	NaN	0	0	0	0	0	0	0	0	0	0	0	0	0	0	0	0	0	0	0	0	0	0	0	0	0	0	0	0	0	0	0	0.008144927	48.905018	0.32986942	564.14575	0	0	0	0	0	0	0	0	0	0	0	0	0	0	0	0	0	0	0	0	0	0	0	0	0	0	0	0	0	0	0	0	0	0	0	0	0	0	0	0	0	0	0	0	0	0	0	0	0	0	0	0	0	0	0	0	0	0	0	0	0	0	0	0	0	0	0	0	0	0	0	0	0	0	0	0	0	0	0	0	0	0	0	0	0	0	0	0	0	0	0	0	0	0	0	0	0	0	0	0	0	0	0	0	0	0	0	0	0	0	0	0	0	0	0	0	0	0	0	0	0	0	0	0	0.1578256	344.2418	6.0075126	8856.687	0	0	0	0
11p_S11_bin.13	0	0	0	0	NaN	0	0	0	0.18812613	1291.6438	7.684229	10968.045	0.07531394	64.356285	3.174891	4995.691	NaN	0	0	0	0	0	0	0	0	0	0	0	0	0	0	0	0.114182435	175.21577	3.4757805	5884.7515	0	0	0	0	0.120222084	1044.3717	3.3173227	5603.118	0.083027475	7.2962146	1.1273328	2766.576	0.09380095	607.5147	2.5713513	4397.548	0.087273	8.2431965	1.036568	2591.87	0.20436841	510.20197	8.814668	10387.1045	0	0	0	0	0	0	0	0	0	0	0	0	0	0	0	0	0.07193838	47.095837	3.4318876	7580.0786	0	0	0	0	0.08166463	8.5112095	0.88866025	1756.0498	0	0	0	0	0	0	0	0	0	0	0	0	0	0	0	0	0	0	0	0	0	0	0	0	0.119547255	237.34462	6.1060743	9673.6045	0	0	0	0	0	0	0	0	0	0	0	0	0	0	0	0	0	0	0	0	0	0	0	0	0	0	0	0	0	0	0	0	0	0	0	0	0	0	0	0	0	0	0	0	0	0	0	0	0	0	0	0	0	0	0	0	0.018402098	259.3817	1.0911685	1628.7975	0.22776829	1102.1743	8.32145	12268.052	0.108982585	3.2106683	3.0066953	5154.286
161_merged	0	0	0	0	NaN	0	0	0	0.02336658	118.1979	1.1167061	1593.9246	0	0	0	0	NaN	0	0	0	0	0	0	0	0	0	0	0	0	0	0	0	0.38316151	188.37349	11.400566	19301.992	0	0	0	0	0.2618622	654.80066	7.3832	12470.583	0.20608766	2.4439077	2.7431896	6732.0313	0.20191525	196.10626	5.43166	9289.273	0.40732077	6.4972363	4.6508965	11629.262	0	0	0	0	0	0	0	0	0	0	0	0	0	0	0	0	0	0	0	0	0.03225873	6.475671	1.6107357	3557.6648	0	0	0	0	0.045911655	7.296647	0.5532084	1093.1757	0	0	0	0	1.0880916	7.427352	17.839565	40076.84	0	0	0	0	0	0	0	0	0	0	0	0	0.7024837	23.174942	9.523162	21342.96	0	0	0	0	1.1038209	1077.9011	15.2745285	37531.664	0	0	0	0	0	0	0	0	0	0	0	0	0	0	0	0	0	0	0	0	0	0	0	0	0	0	0	0	0	0	0	0	0	0	0	0	0	0	0	0	0	0	0	0	0	0	0	0	0	0	0	0	0	0	0	0	0.03783672	95.38649	1.5244225	2247.4082	0	0	0	0
162_merged	0	0	0	0	NaN	0	0	0	0.53640854	27364.518	24.380346	34799.164	0.2741508	499.53677	12.198853	19194.895	NaN	0	0	0	0	0	42.54288	63489.184	0.8898281	1111.1442	38.0712	62302.008	0	0	0	0	1.4408793	5547.846	45.672905	77327.586	0.6740098	1106.4749	8.136963	21901.047	1.5389528	69766.3	43.815468	74006.445	1.1973878	52.687847	16.401834	40251.582	1.3922999	27499.68	39.77387	68021.625	1.2303222	77.308556	14.780836	36958.52	0.070321806	160.15837	3.5569706	4191.494	0	0	0	0	0	0	0	0	0	0	0	0	0	0	0	0	0.12048103	117.52369	6.2020493	13698.588	0	0	0	0	0.08304747	23.536165	0.98475605	1945.9409	0.4085616	1203.5382	18.072025	29322.96	0.84351593	8.548525	15.109044	33942.684	0.5459811	2684.1694	27.115734	42342.664	0	0	0	0	0	0	0	0	0.5990549	25.216352	8.812411	19750.05	0.36499637	762.44	19.404415	30741.625	0.6150347	802.66455	9.375616	23037.207	0.074989505	0.6647207	13.955409	15998.755	0	0	0	0	0.059835445	399.22128	11.841765	13152.984	0.13072595	1.5414222	16.39482	23191.059	0.09504852	211.66508	15.6366825	18031.217	0.21251087	778.42596	19.452543	26438.982	0	0	0	0	0.13965413	834.1511	9.73682	15320.214	0.23842743	2173.3784	26.65024	32667.254	0.10907674	2.282479	9.501661	13131.533	0.054348897	2150.9143	10.119053	10980.316	0	0	0	0	0.06829324	8.178948	14.033796	15476.579	0.1721215	639.4762	8.933954	13335.8	0.68821996	18678.215	27.975496	41243.402	0.5377005	22.136118	15.94027	27325.92
20_S46_bin.8	0	0	0	0	NaN	0	0	0	0	0	0	0	0	0	0	0	NaN	0	0	0	0	0	0	0	0	0	0	0	0	0	0	0	0	0	0	0	0	0	0	0	0	0	0	0	0	0	0	0	0	0	0	0	0	0	0	0	0	0	0	0	3.6211581	3579.7893	34.610733	68067.42	0	0	0	0	5.9116106	10738.233	48.77359	92762.05	0	0	0	0	0	0	0	0	0	0	0	0	16.078104	1741.7412	157.55066	311330.2	0	0	0	0	0.29154217	1.4425876	4.937555	11092.285	0	0	0	0	0	0	0	0	0	0	0	0	0.42978474	10.692948	5.7775693	12948.473	0	0	0	0	0.060816392	45.443817	0.9259844	2275.2742	0	0	0	0	0	0	0	0	0	0	0	0	0	0	0	0	0	0	0	0	0	0	0	0	0	0	0	0	0	0	0	0	0	0	0	0	0	0	0	0	0	0	0	0	0	0	0	0	0	0	0	0	0	0	0	0	0	0	0	0	0	0	0	0
139_merged	0	0	0	0	NaN	0	0	0	0.4881461	1499.7039	19.880322	28376.076	0.37996075	340.5666	15.4868	24368.484	NaN	0	0	0	0	0	0	0	0	0	0	0	0	0	0	0	0.092500664	46.328987	2.8972075	4905.185	0	0	0	0	0.13350518	378.6175	3.697822	6245.8022	0.10834578	2.8340921	1.4752371	3620.3647	0.08290078	184.27298	2.3493748	4017.9211	0.120759994	3.0591147	1.4356896	3589.8484	0.050894123	90.536934	2.4126542	2843.0447	0	0	0	0	0	0	0	0	0	0	0	0	0	0	0	0	0	0	0	0	0	0	0	0	0.025917979	7.987145	0.30207536	596.9203	0	0	0	0	0	0	0	0	0	0	0	0	0	0	0	0	0	0	0	0	0	0	0	0	0.09151024	139.09058	4.7819138	7575.7896	0	0	0	0	0	0	0	0	0	0	0	0	0.037442453	298.81082	7.6898446	8541.328	0	0	0	0	0.050012644	102.278046	8.35231	9631.348	0.12666617	294.73486	10.902813	14818.593	0	0	0	0	0.021826003	137.06827	1.8370459	2890.4653	0	0	0	0	0	0	0	0	0	0	0	0	0	0	0	0	0.019325543	4.7117076	4.88328	5385.3193	0.047753107	179.4626	2.5846672	3858.157	0.51942366	1117.5815	19.125515	28196.148	0.21948193	2.8404796	5.9799714	10251.283
183_merged	0	0	0	0	NaN	0	0	0	0.01457918	8959.423	1.0856113	1549.5415	0	0	0	0	NaN	0	0	0	0	0	0	0	0	0	0	0	0	0	0	0	0	0	0	0	0	0	0	0	0	0	0	0	0	0	0	0	0	0	0	0	0	0	0	0	0	0	0	0	0	0	0	0	0	0	0	0	0	0	0	0	0	0	0	0	0	0	0	0	1.4848561	14900.991	353.6092	388962.53	0	0	0	0	0	0	0	0	0	0	0	0	0	0	0	0	0	0	0	0	0	0	0	0	0	0	0	0	0	0	0	0	0	0	0	0	0.92836237	8.527888	147.32416	168895.3	0.71790063	1.4859495	169.42226	180379.08	0.8865994	6278.265	147.82295	164191.1	0.6964772	8.14235	75.76967	107178.91	0.91160613	1742.25	129.2004	148985.6	0.6215827	1867.3298	50.31591	68387.02	0	0	0	0	0.68427175	3134.643	40.585857	63859.04	0.1979444	2364.3271	21.127731	25897.885	0.27509633	13.322777	21.654358	29926.861	0.25972193	16792.994	41.97838	45551.28	0.24067466	1893.0396	29.086786	35071.68	0.4209017	224.63715	75.609886	83383.17	0.26326886	1573.1761	12.515115	18681.434	0	0	0	0	0	0	0	0
20_S46_bin.3	0	0	0	0	NaN	0	0	0	0.027915522	978.81793	1.3266246	1893.551	0	0	0	0	NaN	0	0	0	0	0	0	0	0	0	0	0	0	0	0	0	0	0	0	0	0	0	0	0	0.011614099	554.9465	0.38426998	649.0504	0	0	0	0	0.012621337	1253.1055	0.45059916	770.6187	0	0	0	0	0	0	0	0	7.095431	35002.57	67.81337	133365.58	0	0	0	0	8.23348	71373.805	68.290085	129880.28	0	0	0	0	0	0	0	0	0	0	0	0	8.42391	1897.306	82.63772	163297.44	0	0	0	0	0	0	0	0	0	0	0	0	0	0	0	0	0	0	0	0	0.17685746	611.86194	2.9301567	6566.9595	0	0	0	0	0.13248026	2110.8733	2.0897677	5134.855	0	0	0	0	0	0	0	0	0	0	0	0	0	0	0	0	0	0	0	0	0	0	0	0	0	0	0	0	0	0	0	0	0	0	0	0	0	0	0	0	0	0	0	0	0	0	0	0	0	0	0	0	0	0	0	0	0.022524772	358.39682	0.97611547	1439.0568	0	0	0	0
16p_S16_bin.38	0.43662134	351.1075	578.93225	1000000	NaN	0	0	0	2.0106375	19876.045	82.026474	117080.1	1.1396692	1075.2039	46.50285	73172.234	NaN	0	0	0	1.8474146	11431.417	143.72014	214481.77	3.02108	2885.0513	119.85201	196133.02	2.1112425	1234.8329	42.19413	124516.2	3.4635181	5140.7485	104.02708	176125.47	1.9372582	2979.4863	22.07637	59419.66	3.8961282	59094.04	106.7516	180308.63	2.689826	55.979046	35.08491	86101.53	3.3273225	20552.955	89.58651	153211.64	2.65574	74.94563	30.413588	76047.19	0.095446	207.91751	4.473154	5271.1123	0	0	0	0	0	0	0	0	0	0	0	0	0	0	0	0	0.14881332	82.360176	7.2412033	15993.789	0	0	0	0	0.16738755	3.5246863	1.7841837	3525.6624	0.5625982	1682.0558	23.793264	38606.02	1.4159478	11.212592	24.100075	54141.16	0.96728337	4966.7744	45.37712	70858.78	1.0560751	0.35802996	18.870878	49481.543	0.48099273	0.48796663	34.851505	52290.31	0.99583256	26.004486	13.929011	31217.19	0.4576823	928.7716	23.52422	37268.457	1.076685	1035.8296	15.456866	37979.695	0.08346997	0.6750108	14.868506	17045.553	0	0	0	0	0.07526055	465.5103	14.050032	15605.768	0.15082839	1.6658828	18.158924	25686.447	0.109471865	196.22679	17.300547	19949.879	0.55449665	1302.5028	45.82635	62285.03	0	0	0	0	0.14044838	650.06757	9.539904	15010.381	0.7120125	5867.8086	71.47246	87609.28	0.11407073	1.8866918	9.629992	13308.884	0.06572491	2292.4136	11.611045	12599.294	0	0	0	0	0.06877023	6.5778956	13.617589	15017.583	0.3116985	639.52423	14.809069	22105.64	2.5741832	16571.482	94.31255	139042.05	1.85949	28.650112	50.025387	85757
8p_S8_bin.7	0	0	0	0	NaN	0	0	0	0.007354027	120.06538	0.43560576	621.75964	0	0	0	0	NaN	0	0	0	0	0	0	0	0	0	0	0	0	0	0	0	0.015642678	9.755657	0.54733366	926.67584	0	0	0	0	0	0	0	0	0	0	0	0	0	0	0	0	0	0	0	0	0	0	0	0	0	0	0	0	0	0	0	0	0	0	0	0	0	0	0	0	0	0	0	0	0.26000714	2285.704	65.87658	72462.82	0	0	0	0	0	0	0	0	0	0	0	0	0	0	0	0	0	0	0	0	0	0	0	0	0	0	0	0	0	0	0	0	0	0	0	0	0.4409247	3.4789686	70.907875	81290.18	0.4591457	0.8588342	108.65355	115680.38	0.4586168	2649.674	78.104385	86752.734	0.38209113	3.3011239	42.09115	59539.434	0.39985678	639.51685	58.040344	66928.4	0.38139933	822.1682	31.347105	42605.527	0.5216086	15224.076	190.78137	186361.56	0.6101588	1295.4885	36.207558	56970.09	0.8142082	6305.8833	80.35371	98495.7	1.1329567	16.896729	83.71357	115694.23	0.8661951	31893.527	134.04521	145454.23	1.1788168	7663.658	133.92577	161482.3	0.72504246	52.21097	125.06728	137925.17	0.9441234	1782.7424	42.48992	63425.11	0	0	0	0	0	0	0	0
176_merged	0	0	0	0	NaN	0	0	0	0.20582889	577.51416	8.451042	12062.556	0.37724772	384.5822	15.666323	24650.957	NaN	0	0	0	0	0	0	0	0.34303427	341.08466	14.235624	23296.03	0	0	0	0	0.10366696	48.513508	3.2918344	5573.3164	0	0	0	0	0.09798393	190.28288	2.8302398	4780.413	0.23412184	3.4343882	3.0909252	7585.408	0.625347	820.3635	17.301476	29589.133	0.24348578	3.9916549	2.84913	7124.065	0	0	0	0	0	0	0	0	0	0	0	0	0	0	0	0	0	0	0	0	0	0	0	0	0	0	0	0	0.03743225	6.546565	0.41300902	816.1325	0	0	0	0	0	0	0	0	0	0	0	0	0	0	0	0	0	0	0	0	0	0	0	0	0	0	0	0	0	0	0	0	0	0	0	0	0	0	0	0	0	0	0	0	0	0	0	0	0.010870374	15.433373	1.7483411	2016.0754	0.08699502	151.1908	7.220991	9814.432	0	0	0	0	0	0	0	0	0	0	0	0	0	0	0	0	0	0	0	0	0	0	0	0	0.012845824	1.257245	2.5017378	2758.9365	0.021488702	32.831776	1.0489168	1565.7285	0.19467613	399.2637	7.2513328	10690.409	0.13609292	1.4746013	3.7047303	6350.9087
132_merged	0	0	0	0	NaN	0	0	0	1.2075919	14617.793	49.221268	70255.73	0.8939988	916.5028	36.558327	57524.527	NaN	0	0	0	1.0744543	5942.8247	83.322685	124347.19	0.8705294	686.56305	34.724854	56825.82	0	0	0	0	0.9721674	738.1153	29.16524	49378.887	0.6735838	901.38196	7.6788177	20667.924	1.311443	18185.328	35.72063	60333.875	0.8868914	12.995949	11.56448	28380.271	0.83871526	2722.226	22.667828	38766.72	1.0316416	20.9156	11.816285	29545.852	0.3750922	617.5594	16.526318	19474.424	0.03943139	14.6711855	0.4653475	915.17865	0.46672457	4148.788	28.01327	42822.137	0.029567864	23.788633	0.29188043	555.12463	0.5250178	1472.6073	33.110435	50267.83	0.2188788	55.269722	10.255677	22651.92	0	0	0	0	0.15740168	4.109426	1.7266371	3411.9463	1.8829973	5121.3296	75.79692	122985.12	1.6884805	9.269534	27.778553	62404.91	2.03752	8946.48	92.941734	145133.45	1.5824176	0.56678766	27.877382	73097.61	1.7608441	1.7984093	119.91102	179911.48	1.0699495	25.027159	14.541341	32589.514	1.549128	2882.5454	74.889496	118644.38	1.3221484	918.54364	18.315945	45004.86	0.088465914	0.60152906	15.2326565	17463.01	0	0	0	0	0.08966025	438.9003	16.36487	18176.918	0.10850349	1.0268655	12.645123	17886.98	0.10507664	153.63945	16.245516	18733.287	0.30539086	562.4668	25.259285	34331.23	0	0	0	0	0.031793572	121.8812	2.6356347	4146.9883	0.2683264	1936.1409	27.451477	33649.39	0.06340881	0.74959487	5.462215	7548.9175	0.07126698	2229.381	12.471065	13532.515	0	0	0	0	0.04202725	3.6333303	8.940366	9859.504	0.21483575	270.13486	10.086077	15055.585	1.4566652	9414.98	53.20707	78441.53	1.2990841	24.153973	34.870754	59777.863
4p_S4_bin.5	0	0	0	0	NaN	0	0	0	0.009367511	157.05144	0.68915856	983.66724	0	0	0	0	NaN	0	0	0	0	0	0	0	0	0	0	0	0	0	0	0	0	0	0	0	0	0	0	0	0	0	0	0	0	0	0	0	0	0	0	0	0	0	0	0	0	0	0	0	0	0	0	0	0	0	0	0	0	0	0	0	0	0	0	0	0	0	0	0	0	0	0	0	0	0	0	0	0	0	0	0	0	0	0	0	0	0	0	0	0	0	0	0	0	0	0	0	0	0	0	0	0	0	0	0	0	0	0	0	0.357556	2.547094	58.2871	66821.48	0	0	0	0	0.369587	2011.6675	63.53332	70568.25	0.31229165	2.3672912	34.94928	49436.992	0.47283152	395.1423	68.747734	79275.49	0.24628863	465.40646	20.513844	27881.457	0	0	0	0	0.028662954	133.78252	2.7707436	4359.574	0	0	0	0	0	0	0	0	0	0	0	0	0	0	0	0	0.022852235	4.4575653	6.7330036	7425.209	0.023696812	81.305725	1.7838407	2662.7566	0	0	0	0	0	0	0	0
16p_S16_bin.62	0	0	0	0	NaN	0	0	0	0	0	0	0	0	0	0	0	NaN	0	0	0	0	0	0	0	0.344551	302.1205	14.00572	22919.805	0	0	0	0	0.039125104	18.015127	1.349597	2284.9668	0	0	0	0	0.055782843	136.71387	1.6600825	2803.9607	0.09393983	3.11957	1.5785316	3873.8577	0.6010226	892.24744	16.274714	27833.158	0.08445621	3.483309	1.2670405	3168.1523	0	0	0	0	0	0	0	0	0	0	0	0	0	0	0	0	0	0	0	0	0	0	0	0	0	0	0	0	0	0	0	0	0	0	0	0	0	0	0	0	0	0	0	0	0	0	0	0	0	0	0	0	0	0	0	0	0	0	0	0	0	0	0	0	0	0	0	0	0	0	0	0	0	0	0	0	0	0	0	0	0	0	0	0	0	0	0	0	0	0	0	0	0.045379475	268.54834	3.434103	5403.325	0	0	0	0	0	0	0	0	0	0	0	0	0	0	0	0	0	0	0	0	0.023411162	61.181004	1.4549271	2171.785	0	0	0	0	0.056336947	1.3336881	1.96933	3375.9624
16_S42_bin.4	0	0	0	0	NaN	0	0	0	0	0	0	0	0.7278223	624.2876	28.66171	45099.2	NaN	0	0	0	0	0	0	0	0	0	0	0	2.8139458	1512.3375	55.22929	162983.4	0	0	0	0	4.6326785	8454.105	51.5563	138766.38	0	0	0	0	1.5673738	41.967064	19.940935	48936.85	0	0	0	0	3.0060833	79.91499	33.316036	83304.57	0	0	0	0	0	0	0	0	0	0	0	0	0	0	0	0	0	0	0	0	0	0	0	0	0	0	0	0	0	0	0	0	0	0	0	0	0	0	0	0	0	0	0	0	0	0	0	0	0	0	0	0	0.1412834	2.8834894	1.988029	4455.497	0	0	0	0	0.065549545	47.317013	0.9795325	2406.8486	0	0	0	0	0	0	0	0	0	0	0	0	0	0	0	0	0	0	0	0	0	0	0	0	0	0	0	0	0	0	0	0	0	0	0	0	0	0	0	0	0	0	0	0	0	0	0	0	0	0	0	0	0.102854036	120.05271	4.572143	6824.882	0	0	0	0	0.8326801	19.339922	21.781609	37339.547
11p_S11_bin.86	0	0	0	0	NaN	0	0	0	0.5320935	1345.1494	21.78558	31095.537	0.5509358	511.3206	22.498842	35401.926	NaN	0	0	0	0	0	0	0	0	0	0	0	0	0	0	0	0.04093882	28.388208	1.3121843	2221.6235	0	0	0	0	0.031293742	155.74692	0.9280786	1567.5693	0.123239405	1.4330399	1.6652364	4086.639	0.040392052	60.256374	1.1628233	1988.6708	0.13368508	1.840029	1.5832938	3958.9238	0	0	0	0	0	0	0	0	0	0	0	0	0	0	0	0	0	0	0	0	0	0	0	0	0	0	0	0	0.03040628	4.284568	0.34186533	675.548	0	0	0	0	0	0	0	0	0	0	0	0	0	0	0	0	0	0	0	0	0.032262705	1.027812	0.53917825	1208.3866	0	0	0	0	0	0	0	0	0	0	0	0	0	0	0	0	0	0	0	0	0	0	0	0	0.019934349	20.26841	3.3794467	3896.9607	0.18876432	333.92792	15.392631	20920.941	0	0	0	0	0	0	0	0	0	0	0	0	0	0	0	0	0	0	0	0	0	0	0	0	0	0	0	0	0.03163655	37.34918	1.618907	2416.5579	0.30127636	727.94336	11.206021	16520.69	0.23145574	2.5568953	6.303938	10806.65
23_S49_bin.11	0	0	0	0	NaN	0	0	0	0.02184334	489.11157	1.1533726	1646.2606	0	0	0	0	NaN	0	0	0	0	0	0	0	0	0	0	0	0	0	0	0	0	0	0	0	0	0	0	0	0	0	0	0	0	0	0	0	0.0069384985	55.461124	0.26919737	460.3835	0	0	0	0	0	0	0	0	0	0	0	0	0	0	0	0	0	0	0	0	0	0	0	0	0	0	0	0	0	0	0	0	0	0	0	0	0	0	0	0	1.2077371	6.3359847	19.567867	43959.484	0	0	0	0	1.7146386	0.63508725	29.761253	78037.32	0	0	0	0	1.6853381	22.257399	22.075985	49475.883	0	0	0	0	3.0748613	2439.6943	41.75776	102604.69	0	0	0	0	0	0	0	0	0	0	0	0	0	0	0	0	0	0	0	0	0	0	0	0	0	0	0	0	0	0	0	0	0	0	0	0	0	0	0	0	0	0	0	0	0	0	0	0	0	0	0	0	0	0	0	0	0	0	0	0	0	0	0	0
17p_S17_bin.3	0	0	0	0	NaN	0	0	0	0.022516098	11895.16	1.3455313	1920.5372	0	0	0	0	NaN	0	0	0	0	0	0	0	0	0	0	0	0	0	0	0	0	0	0	0	0	0	0	0	0	0	0	0	0	0	0	0	0	0	0	0	0	0	0	0	5.8415556	16119.521	236.14767	278273.7	0.08614965	2190.2344	1.0440309	2053.2495	2.283258	30382.912	125.80687	192313.08	0	0	0	0	1.6215059	6357.6865	98.05414	148864.5	0.12150654	785.6593	5.89557	13021.666	0	0	0	0	0.20194829	356.3382	2.3661988	4675.762	0	0	0	0	0	0	0	0	0	0	0	0	0	0	0	0	0	0	0	0	0	0	0	0	0.18812491	807.66486	9.424255	14930.46	0	0	0	0	0	0	0	0	0	0	0	0	0	0	0	0	0	0	0	0	0	0	0	0	0	0	0	0	0	0	0	0	0	0	0	0	0	0	0	0	0	0	0	0	0	0	0	0	0	0	0	0	0	0	0	0	0	0	0	0	0	0	0	0	0	0	0	0
142_merged	0	0	0	0	NaN	0	0	0	0.21185957	1207.4286	8.723818	12451.896	0.18914637	152.7361	7.7075825	12127.877	NaN	0	0	0	0	0	0	0	0.55695814	468.6708	22.23872	36392.773	0	0	0	0	0.40960655	338.1453	12.370202	20943.658	0	0	0	0	0.44817203	3404.3328	12.406676	20955.477	0.22375762	3.881381	2.978455	7309.3945	0.4099634	1117.726	11.083011	18954.264	0.27167737	6.1918235	3.1463892	7867.342	0	0	0	0	0	0	0	0	0	0	0	0	0	0	0	0	0	0	0	0	0	0	0	0	0	0	0	0	0	0	0	0	0	0	0	0	0	0	0	0	0	0	0	0	0	0	0	0	0	0	0	0	0.057214472	1.2464068	0.84917736	1903.1451	0.12556963	192.87291	6.2357063	9878.973	0.077143334	73.164154	1.1626639	2856.8286	0	0	0	0	0	0	0	0	0	0	0	0	0	0	0	0	0	0	0	0	0.05322333	104.60033	4.5895076	6237.8433	0	0	0	0	0	0	0	0	0.11544566	848.95215	11.740838	14391.651	0	0	0	0	0	0	0	0	0	0	0	0	0	0	0	0	0.029298693	42.475487	1.4883385	2221.6572	0.28520414	1087.7352	10.53285	15528.25	0.2030719	2.6642451	5.55388	9520.851
17p_S17_bin.1	0	0	0	0	NaN	0	0	0	0	0	0	0	0	0	0	0	NaN	0	0	0	0	0	0	0	0	0	0	0	0	0	0	0	0	0	0	0	0	0	0	0	0	0	0	0	0	0	0	0	0	0	0	0	0	0	0	0	5.6833973	14092.319	228.97171	269817.63	0.062191956	30.584005	0.5913353	1162.9528	1.8577225	23584.514	101.23745	154755.33	0	0	0	0	1.6139427	6037.079	95.93605	145648.86	0.09518908	26.256775	4.072953	8996.014	0	0	0	0	0.12841684	2.1213136	1.2877942	2544.7644	0	0	0	0	0	0	0	0	0	0	0	0	0	0	0	0	0	0	0	0	0	0	0	0	0.10533396	194.22337	5.0332417	7973.9604	0	0	0	0	0	0	0	0	0	0	0	0	0	0	0	0	0	0	0	0	0	0	0	0	0	0	0	0	0	0	0	0	0	0	0	0	0	0	0	0	0	0	0	0	0	0	0	0	0	0	0	0	0	0	0	0	0	0	0	0	0	0	0	0	0	0	0	0
19_S45_bin.5	0	0	0	0	NaN	0	0	0	0	0	0	0	0	0	0	0	NaN	0	0	0	0	0	0	0	0	0	0	0	0	0	0	0	0	0	0	0	0	0	0	0	0	0	0	0	0	0	0	0	0	0	0	0	0	0	0	0	0	0	0	0	2.6274693	1998.9691	24.864223	48899.39	0	0	0	0	1.5317664	1489.7352	12.613943	23990.34	0	0	0	0	4.733813	3102.1697	198.2919	437971.28	0	0	0	0	11.339812	1691.681	111.83616	220995.42	0	0	0	0	1.0470014	5.4376388	17.23794	38725.277	0	0	0	0	0	0	0	0	0	0	0	0	0.64539057	12.208967	8.745325	19599.701	0	0	0	0	0.59371185	493.6252	8.316142	20433.936	0	0	0	0	0	0	0	0	0	0	0	0	0	0	0	0	0	0	0	0	0	0	0	0	0	0	0	0	0	0	0	0	0	0	0	0	0	0	0	0	0	0	0	0	0	0	0	0	0	0	0	0	0	0	0	0	0	0	0	0	0	0	0	0
16p_S16_bin.13	0	0	0	0	NaN	0	0	0	0.031301964	110.75566	1.4792955	2111.465	0	0	0	0	NaN	0	0	0	0	0	0	0	0	0	0	0	0	0	0	0	0.13821395	62.123817	4.3319	7334.225	0	0	0	0	0.15836741	386.1748	4.4799976	7566.9336	0.25208026	3.1195302	3.4252424	8405.852	0.276433	255.13698	7.595859	12990.507	0.25766793	3.8791866	3.0346534	7587.951	0	0	0	0	0	0	0	0	0	0	0	0	0	0	0	0	0	0	0	0	0	0	0	0	0	0	0	0	0	0	0	0	0	0	0	0	0	0	0	0	0	0	0	0	0	0	0	0	0	0	0	0	0.13000135	2.8100863	2.0297766	4549.06	0	0	0	0	0.16038898	135.36227	2.6778543	6579.864	0	0	0	0	0	0	0	0	0	0	0	0	0	0	0	0	0	0	0	0	0	0	0	0	0	0	0	0	0	0	0	0	0	0	0	0	0	0	0	0	0	0	0	0	0	0	0	0	0	0	0	0	0	0	0	0	0.047077153	105.83475	1.877318	2767.6711	0	0	0	0
11p_S11_bin.82	0	0	0	0	NaN	0	0	0	0.19566315	426.33597	8.05267	11493.937	0.16839047	128.53214	6.924302	10895.387	NaN	0	0	0	0	0	0	0	0	0	0	0	0	0	0	0	0.11840369	47.727585	3.6567454	6191.1357	0	0	0	0	0.121021256	236.57112	3.3723285	5696.0264	0.08407027	0.9546793	1.1591827	2844.7383	0.09232083	58.32332	2.562972	4383.218	0.08822526	1.2258563	1.0576023	2644.4648	0.19597028	296.14627	8.4686575	9979.374	0	0	0	0	0	0	0	0	0	0	0	0	0	0	0	0	0.069436096	17.946085	3.334824	7365.694	0	0	0	0	0.076655224	1.4303447	0.8496243	1678.912	0	0	0	0	0	0	0	0	0	0	0	0	0	0	0	0	0	0	0	0	0	0	0	0	0.11186037	156.0056	5.765391	9133.873	0	0	0	0	0	0	0	0	0	0	0	0	0	0	0	0	0	0	0	0	0	0	0	0	0	0	0	0	0	0	0	0	0	0	0	0	0	0	0	0	0	0	0	0	0	0	0	0	0	0	0	0	0	0	0	0	0.017208422	31.592026	1.1194398	1670.9987	0.22924721	484.0396	8.44637	12452.217	0.114607476	1.3331696	3.211585	5505.523
104_merged	0	0	0	0	NaN	0	0	0	0	0	0	0	0	0	0	0	NaN	0	0	0	0	0	0	0	0	0	0	0	0	0	0	0	0	0	0	0	0	0	0	0	0.023291294	993.2227	0.8922122	1506.9891	0	0	0	0	0.021090668	381.79352	0.8374387	1432.1954	0	0	0	0	0	0	0	0	0	0	0	0	0	0	0	0	0	0	0	0	0	0	0	0	0	0	0	0	0	0	0	0	0	0	0	0	0	0	0	0	0	0	0	0	0	0	0	0	0	0	0	0	0	0	0	0	0	0	0	0	0	0	0	0	0	0	0	0	0.062284466	0.41302752	12.007942	13766.139	0	0	0	0	0	0	0	0	0.5857506	4.4384294	62.368416	88222.336	0	0	0	0	0.26870507	497.0606	21.66538	29446.566	0	0	0	0	0.50911826	762.7359	29.641556	46638.938	0	0	0	0	0.35811836	3.6810732	26.42185	36515.652	0	0	0	0	0	0	0	0	0.011217503	0.74480283	2.7983618	3086.0544	0.6063956	552.915	27.072386	40411.203	0	0	0	0	0	0	0	0
11p_S11_bin.46	0	0	0	0	NaN	0	0	0	0.12039378	174.69292	5.218082	7448.003	0.04134944	32.597847	1.7535514	2759.213	NaN	0	0	0	0	0	0	0	0	0	0	0	0	0	0	0	0.1531926	63.86705	4.579702	7753.769	0	0	0	0	0.11177698	220.73468	3.0094657	5083.133	0.063301906	0.68372625	0.8328123	2043.796	0.1106306	71.22732	2.9954212	5122.7954	0.08355836	1.1179718	0.956094	2390.6511	0	0	0	0	0	0	0	0	0	0	0	0	0	0	0	0	0	0	0	0	0	0	0	0	0	0	0	0	0	0	0	0	0	0	0	0	0	0	0	0	0	0	0	0	0	0	0	0	0	0	0	0	0	0	0	0	0	0	0	0	0	0	0	0	0	0	0	0	0	0	0	0	0	0	0	0	0	0	0	0	0	0	0	0	0	0	0	0	0	0	0	0	0	0	0	0	0	0	0	0	0	0	0	0	0	0	0	0	0	0	0	0	0	0	0	0	0	0	0	0	0.10881208	196.35738	3.9889445	5880.777	0	0	0	0
8_S34_bin.18	0	0	0	0	NaN	0	0	0	0.0064253304	288.96555	0.44799006	639.43646	0	0	0	0	NaN	0	0	0	0	0	0	0	0	0	0	0	0	0	0	0	0.015232081	67.70217	0.6012542	1017.96783	0	0	0	0	0	0	0	0	0	0	0	0	0	0	0	0	0	0	0	0	0	0	0	0	0	0	0	0	0	0	0	0	0	0	0	0	0	0	0	0	0	0	0	0	0.26108012	2254.3936	65.75066	72324.32	0	0	0	0	0	0	0	0	0	0	0	0	0	0	0	0	0	0	0	0	0	0	0	0	0	0	0	0	0	0	0	0	0	0	0	0	0.3730971	2.7866073	60.32428	69156.94	0.42510518	0.7486943	100.73179	107246.33	0.39537594	2423.028	67.39232	74854.555	0.3090872	2.5932987	34.672325	49045.234	0.3300683	496.83487	48.09242	55457.094	0.3149721	616.0324	26.008263	35349.207	0.5418439	15080.283	194.63364	190124.58	0.53458697	1166.0745	31.749851	49956.195	0.7739318	5562.1504	76.30415	93531.875	1.0062196	14.36998	74.491356	102948.92	0.7409041	25677.29	115.24035	125048.805	1.0359608	6075.268	116.492836	140462.38	0.5781274	45.22457	100.73896	111095.69	0.9195647	1478.7649	41.148033	61422.066	0	0	0	0	0	0	0	0
16p_S16_bin.26	0	0	0	0	NaN	0	0	0	0.086895965	271.77487	3.5826554	5113.685	0	0	0	0	NaN	0	0	0	0	0	0	0	0	0	0	0	0	0	0	0	0.14178117	56.50705	4.2052083	7119.725	0	0	0	0	0.10032513	191.51747	2.705236	4569.2734	0.059519723	0.60508627	0.77671367	1906.125	0.13187367	87.27036	3.441778	5886.1577	0.07570434	0.9468519	0.8684684	2171.5488	0	0	0	0	0	0	0	0	0	0	0	0	0	0	0	0	0	0	0	0	0	0	0	0	0	0	0	0	0	0	0	0	0	0	0	0	0	0	0	0	0	0	0	0	0	0	0	0	0	0	0	0	0	0	0	0	0	0	0	0	0	0	0	0	0	0	0	0	0	0	0	0	0	0	0	0	0	0	0	0	0	0	0	0	0	0	0	0	0	0	0	0	0	0	0	0	0	0	0	0	0	0	0	0	0	0	0	0	0	0	0	0	0	0	0	0	0	0	0	0	0.0964243	191.78197	3.5044634	5166.5205	0	0	0	0
17_S43_bin.6	0	0	0	0	NaN	0	0	0	0	0	0	0	0	0	0	0	NaN	0	0	0	0	0	0	0	0	0	0	0	0	0	0	0	0	0	0	0	0	0	0	0	0	0	0	0	0	0	0	0	0	0	0	0	0	0	0	0	0	0	0	0	4.9330597	6743.017	47.500313	93416.8	0	0	0	0	12.518742	49483.375	103.949715	197701	0	0	0	0	0	0	0	0	0	0	0	0	0	0	0	0	0	0	0	0	0	0	0	0	0	0	0	0	0	0	0	0	0	0	0	0	0	0	0	0	0	0	0	0	0	0	0	0	0	0	0	0	0	0	0	0	0	0	0	0	0	0	0	0	0	0	0	0	0	0	0	0	0	0	0	0	0	0	0	0	0	0	0	0	0	0	0	0	0	0	0	0	0	0	0	0	0	0	0	0	0	0	0	0	0	0	0	0	0	0	0	0
130_merged	0	0	0	0	NaN	0	0	0	0.110725254	861.2271	4.7881002	6834.271	0.052379824	53.215546	2.4244616	3814.8904	NaN	0	0	0	0	0	0	0	0	0	0	0	0	0	0	0	0.1597752	117.051674	5.039423	8532.111	0	0	0	0	0.20484418	1247.3	7.9050074	13351.941	0.08092761	1.5185775	1.319787	3238.8752	0.103988715	376.4015	3.0032604	5136.2017	0.08668315	2.1242743	1.0966341	2742.0623	0	0	0	0	0	0	0	0	0	0	0	0	0	0	0	0	0	0	0	0	0	0	0	0	0	0	0	0	0	0	0	0	0	0	0	0	0	0	0	0	0	0	0	0	0	0	0	0	0	0	0	0	0	0	0	0	0	0	0	0	0	0	0	0	0	0	0	0	0	0	0	0	0	0	0	0	0	0	0	0	0.03083047	60.080307	6.006046	6925.7866	0.035025626	94.80548	3.6736016	4992.988	0	0	0	0	0.04177309	163.91632	3.3849652	5326.0083	0	0	0	0	0.05878057	0.9335896	5.3988137	7461.2935	0.050735705	2539.5542	9.678353	10502.105	0	0	0	0	0.04112768	4.878016	9.312751	10270.175	0.057948533	138.74283	3.2628357	4870.465	0.15567501	666.91284	6.027728	8886.489	0.11426687	1.7201012	3.309871	5674.012
11p_S11_bin.30	0	0	0	0	NaN	0	0	0	0.17067415	899.4343	7.2889843	10403.894	0.06950613	59.79349	3.0896409	4861.5503	NaN	0	0	0	0	0	0	0	0	0	0	0	0	0	0	0	0.052325748	107.7891	1.8060201	3057.724	0	0	0	0	0.09615252	1430.5156	2.7895632	4711.7065	0.04920409	0.9468639	0.71835023	1762.8959	0.048047967	410.8861	1.4893168	2547.0432	0.080884434	1.9795228	1.007691	2519.6653	0	0	0	0	0	0	0	0	0	0	0	0	0	0	0	0	0	0	0	0	0	0	0	0	0	0	0	0	0	0	0	0	0	0	0	0	0	0	0	0	0	0	0	0	0	0	0	0	0	0	0	0	0	0	0	0	0	0	0	0	0	0	0	0	0	0	0	0	0	0	0	0	0	0	0	0	0	0	0	0	0.034664113	60.135357	6.441243	7427.628	0.053395517	124.75462	5.419135	7365.434	0	0	0	0	0.030939646	109.43804	2.6098154	4106.364	0	0	0	0	0.049836926	0.88239783	4.9571133	6850.852	0.041484643	1813.3944	8.801852	9551.007	0	0	0	0	0.03858701	5.159205	9.019142	9946.38	0.05842792	148.5311	3.3677611	5027.088	0.17710981	676.9297	6.755782	9959.836	0.13723384	1.6783538	3.8255239	6557.9814
15p_S15_bin.14	0	0	0	0	NaN	0	0	0	0.06291323	210.35304	2.7559566	3933.7007	0	0	0	0	NaN	0	0	0	0	0	0	0	0.4809817	428.759	19.161821	31357.56	0	0	0	0	0.5707651	261.9055	17.029207	28831.695	0.29494876	435.85385	3.3888938	9121.377	0.76720846	1989.922	20.796095	35125.613	0.32082832	3.5808175	4.1942835	10293.148	0.59883374	733.45715	16.01839	27394.799	0.3949738	5.5425806	4.4982133	11247.489	0	0	0	0	0.14238335	103.54601	1.3976104	2748.6196	0	0	0	0	0.14679137	122.88048	1.2270178	2333.6543	0	0	0	0	0.12290507	129.07831	5.843403	12906.438	0	0	0	0	0.385237	82.32589	4.002973	7910.1294	0	0	0	0	2.346434	10.598928	37.72947	84759.82	0	0	0	0	3.1003482	1.111271	53.580353	140493.63	0	0	0	0	1.9367691	29.770405	25.614794	57406.934	0.08578856	144.03738	4.595417	7280.332	3.175778	2291.4482	42.92497	105472.7	0	0	0	0	0	0	0	0	0	0	0	0	0	0	0	0	0	0	0	0	0	0	0	0	0	0	0	0	0.033165462	144.57219	2.6038077	4096.911	0	0	0	0	0	0	0	0	0	0	0	0	0	0	0	0	0	0	0	0	0.028020602	71.799835	1.6091142	2401.9402	0.07325216	204.67827	2.8899286	4260.5303	0.03670821	0.49746907	1.1510496	1973.21
16_S42_bin.6	0	0	0	0	NaN	0	0	0	0	0	0	0	0.8449913	766.7598	33.36281	52496.387	NaN	0	0	0	0	0	0	0	0	0	0	0	5.967084	3294.9727	115.41047	340580	0	0	0	0	5.738032	10719.626	63.829544	171800.45	0	0	0	0	2.1107242	67.772064	26.844177	65878.03	0	0	0	0	3.2924774	94.45086	36.60139	91519.37	0	0	0	0	0	0	0	0	0	0	0	0	0	0	0	0	0	0	0	0	0	0	0	0	0	0	0	0	0	0	0	0	0	0	0	0	0.1047369	0.5687094	1.8253865	4100.756	0	0	0	0	0	0	0	0	0	0	0	0	0.1924131	4.507163	2.6877818	6023.759	0	0	0	0	0.09284408	73.36708	1.3589565	3339.1477	0	0	0	0	0	0	0	0	0	0	0	0	0	0	0	0	0	0	0	0	0	0	0	0	0	0	0	0	0	0	0	0	0	0	0	0	0	0	0	0	0	0	0	0	0	0	0	0	0	0	0	0	0.12948206	131.16238	5.719118	8536.983	0	0	0	0	1.1412127	27.493795	29.75619	51010.125
23_S49_bin.3	0	0	0	0	NaN	0	0	0	0	0	0	0	0	0	0	0	NaN	0	0	0	0	0	0	0	0	0	0	0	0	0	0	0	0	0	0	0	0	0	0	0	0	0	0	0	0.16777444	4.283392	2.5624352	6288.4463	0	0	0	0	0.10953363	3.6508398	1.5468975	3867.916	0	0	0	0	0	0	0	0	0	0	0	0	0.04345072	51.151062	0.41353312	786.4948	0	0	0	0	0	0	0	0	0	0	0	0	0	0	0	0	0	0	0	0	0.18733549	0.7798435	3.2110314	7213.6284	0	0	0	0	0	0	0	0	0	0	0	0	1.2613653	13.853654	16.441856	36848.88	0	0	0	0	0.47460866	294.09448	6.559252	16117.009	0	0	0	0	0	0	0	0	0	0	0	0	0	0	0	0	0	0	0	0	0	0	0	0	0	0	0	0	0	0	0	0	0	0	0	0	0	0	0	0	0	0	0	0	0	0	0	0	0	0	0	0	0	0	0	0	0	0	0	0	0	0	0	0
8_S34_bin.6	0	0	0	0	NaN	0	0	0	0.02290666	120.12072	1.168401	1667.711	0	0	0	0	NaN	0	0	0	0	0	0	0	0	0	0	0	0	0	0	0	0	0	0	0	0	0	0	0	0.009594483	53.337524	0.35252157	595.4261	0	0	0	0	0.008793134	17.866684	0.33940193	580.44836	0	0	0	0	0	0	0	0	0.19806492	1307.8187	2.2672615	4458.9253	0	0	0	0	0.21618637	2853.6003	2.1708093	4128.6406	0	0	0	0	0	0	0	0	0	0	0	0	0	0	0	0	0	0	0	0	0	0	0	0	0	0	0	0	0	0	0	0	0	0	0	0	0.12867507	3.812411	1.9939733	4468.819	0	0	0	0	0	0	0	0	0	0	0	0	0	0	0	0	0	0	0	0	0	0	0	0	0	0	0	0	0	0	0	0	0	0	0	0	0.066375725	100.434235	4.055499	6381.0483	0	0	0	0	0.27602786	2.8635602	20.310385	28069.453	0	0	0	0	0.26709715	1966.6982	30.576708	36868.164	0	0	0	0	0.84857786	816.30554	37.421204	55858.984	0.017921833	58.720646	0.8615362	1270.1356	0	0	0	0
20_S46_bin.7	0	0	0	0	NaN	0	0	0	0	0	0	0	0	0	0	0	NaN	0	0	0	0	0	0	0	0	0	0	0	0	0	0	0	0	0	0	0	0	0	0	0	0.021981094	493.8227	0.8393387	1417.6836	0	0	0	0	0.020277059	182.9288	0.79223686	1354.8907	0	0	0	0	0	0	0	0	0	0	0	0	0	0	0	0	0	0	0	0	0	0	0	0	0.24728522	93.20687	10.872195	24013.639	0	0	0	0	1.1071967	38.687347	10.81859	21378.229	0	0	0	0	0	0	0	0	0	0	0	0	0	0	0	0	0	0	0	0	0	0	0	0	0	0	0	0	0	0	0	0	0	0	0	0	0	0	0	0	0	0	0	0	0	0	0	0	0	0	0	0	0	0	0	0	0	0	0	0	0	0	0	0	0	0	0	0	0	0	0	0	0	0	0	0	0	0	0	0	0	0	0	0	0	0	0	0	0	0	0	0	0	0	0	0
16p_S16_bin.70	0	0	0	0	NaN	0	0	0	0.04359583	72.988594	1.8215171	2599.933	0	0	0	0	NaN	0	0	0	0	0	0	0	0	0	0	0	0	0	0	0	0.08854477	37.12514	2.7727785	4694.5166	0	0	0	0	0.051908705	85.08017	1.510499	2551.3062	0.19144423	2.2387528	2.4951875	6123.414	0.2685291	197.19183	7.5663095	12939.967	0.120617986	1.7169265	1.458477	3646.8271	0	0	0	0	0	0	0	0	0	0	0	0	0	0	0	0	0	0	0	0	0	0	0	0	0	0	0	0	0	0	0	0	0	0	0	0	0	0	0	0	0	0	0	0	0	0	0	0	0	0	0	0	0	0	0	0	0	0	0	0	0	0	0	0	0	0	0	0	0	0	0	0	0	0	0	0	0	0	0	0	0	0	0	0	0	0	0	0	0	0	0	0	0	0	0	0	0	0	0	0	0	0	0	0	0	0	0	0	0	0	0	0	0	0	0	0	0	0	0	0	0.009722471	19.259071	0.39652634	584.5865	0	0	0	0
11p_S11_bin.32	0	0	0	0	NaN	0	0	0	0.17452693	354.06635	7.0595217	10076.374	0	0	0	0	NaN	0	0	0	0	0	0	0	0	0	0	0	0	0	0	0	0.09001549	34.211617	2.7230382	4610.3047	0	0	0	0	0.0530068	88.718414	1.4654428	2475.204	0.032004375	0.3231757	0.4242308	1041.1005	0.13810539	98.44611	3.7751775	6456.3433	0.028742768	0.3649665	0.3285954	821.6316	0	0	0	0	0	0	0	0	0	0	0	0	0	0	0	0	0	0	0	0	0	0	0	0	0	0	0	0	0	0	0	0	0	0	0	0	0	0	0	0	0	0	0	0	0	0	0	0	0	0	0	0	0	0	0	0	0	0	0	0	0	0	0	0	0	0	0	0	0	0	0	0	0	0	0	0	0	0	0	0	0	0	0	0	0	0	0	0	0	0	0	0	0	0	0	0	0	0	0	0	0	0	0	0	0	0	0	0	0	0	0	0	0	0	0	0	0	0	0	0	0.12279529	229.70183	4.5168757	6659.089	0	0	0	0
26_S52_bin.3	0	0	0	0	NaN	0	0	0	0	0	0	0	0	0	0	0	NaN	0	0	0	0	0	0	0	0	0	0	0	0	0	0	0	0	0	0	0	0	0	0	0	0	0	0	0	0	0	0	0	0	0	0	0	0	0	0	0	0	0	0	0	10.462577	20378.12	102.22143	201034.4	0	0	0	0	0.0388659	25.70023	0.33527273	637.6519	0	0	0	0	0	0	0	0	0	0	0	0	0	0	0	0	0	0	0	0	0	0	0	0	0	0	0	0	0	0	0	0	0	0	0	0	0	0	0	0	0	0	0	0	0	0	0	0	0	0	0	0	0	0	0	0	0	0	0	0	0	0	0	0	0	0	0	0	0	0	0	0	0	0	0	0	0	0	0	0	0	0	0	0	0	0	0	0	0	0	0	0	0	0	0	0	0	0	0	0	0	0	0	0	0	0	0	0	0	0	0	0
8_S34_bin.12	0	0	0	0	NaN	0	0	0	0.008523416	1088.0148	0.6127591	874.6189	0	0	0	0	NaN	0	0	0	0	0	0	0	0	0	0	0	0	0	0	0	0	0	0	0	0.24109197	364.419	2.9547393	7952.829	0	0	0	0	0.6371847	17.526184	8.679597	21300.516	0	0	0	0	0.41710165	17.558369	5.110597	12778.709	0	0	0	0	0	0	0	0	0	0	0	0	0	0	0	0	0	0	0	0	0	0	0	0	0	0	0	0	0	0	0	0	0	0	0	0	0	0	0	0	0	0	0	0	0	0	0	0	0	0	0	0	0.08823709	3.4255216	1.4866588	3331.8457	0	0	0	0	0	0	0	0	0	0	0	0	0	0	0	0	0	0	0	0	0.15800902	1.3067333	17.913631	25339.467	0	0	0	0	0.068516396	231.9522	6.1924186	8416.444	0	0	0	0	0.7727323	3103.6711	45.41641	71459.586	0	0	0	0	0.29728612	6.07851	22.535896	31145.166	0	0	0	0	0	0	0	0	0	0	0	0	0.61497486	715.7448	27.086845	40432.793	0	0	0	0	0.22458357	8.013205	6.642073	11386.308
11p_S11_bin.55	0	0	0	0	NaN	0	0	0	0.19136272	67355.73	8.759582	12502.944	0.2590634	614.97156	11.048907	17385.459	NaN	0	0	0	0	0	0	0	0	0	0	0	0	0	0	0	0.04856479	4675.954	2.340265	3962.2397	0	0	0	0	0.03939851	32036.293	1.6319268	2756.404	0	0	0	0	0.03890061	31441.15	1.8494852	3163.0066	0.06514375	373.58667	1.3505253	3376.901	0	0	0	0	0	0	0	0	0	0	0	0	0	0	0	0	0	0	0	0	0	0	0	0	0	0	0	0	0	0	0	0	0	0	0	0	0	0	0	0	0	0	0	0	0	0	0	0	0	0	0	0	0	0	0	0	0	0	0	0	0	0	0	0	0	0	0	0	0	0	0	0	0	0	0	0	0	0	0	0	0	0	0	0	0.055035833	5833.1396	6.656832	9047.653	0	0	0	0	0	0	0	0	0	0	0	0	0	0	0	0	0	0	0	0	0	0	0	0	0	0	0	0	0.029715542	10245.045	2.6424637	3944.4297	0.14719604	36579.773	6.474658	9545.384	0.10584791	125.73046	3.9272835	6732.423
126_merged	0	0	0	0	NaN	0	0	0	0	0	0	0	0.2978431	205.13878	12.1851	19173.252	NaN	0	0	0	0	0	0	0	0	0	0	0	2.1258411	972.95557	42.120754	124299.67	0	0	0	0	5.2707524	8803.037	57.86521	155747.11	0	0	0	0	1.0500747	34.152958	13.29982	32638.959	0	0	0	0	0.95201486	48.50462	10.623536	26563.46	0	0	0	0	0	0	0	0	0	0	0	0	0	0	0	0	0	0	0	0	0	0	0	0	0	0	0	0	0	0	0	0	0	0	0	0	0	0	0	0	0	0	0	0	0	0	0	0	0	0	0	0	0.11907726	3.4056928	1.7208167	3856.632	0	0	0	0	0.06483143	56.788086	0.9844568	2418.9487	0	0	0	0	0	0	0	0	0	0	0	0	0	0	0	0	0	0	0	0	0	0	0	0	0	0	0	0	0	0	0	0	0	0	0	0	0	0	0	0	0	0	0	0	0	0	0	0	0	0	0	0	0.15636761	146.21924	6.830668	10196.2	0	0	0	0	1.4027019	26.33382	35.966393	61656.082
18_S44_bin.4	0	0	0	0	NaN	0	0	0	0.02192941	101.635826	1.0276381	1466.7938	0	0	0	0	NaN	0	0	0	0	0	0	0	0	0	0	0	0	0	0	0	0	0	0	0	0	0	0	0	0.0070302915	25.340729	0.2370648	400.41406	0	0	0	0	0.006670024	15.803646	0.23066197	394.47998	0	0	0	0	0.018583996	19.98763	0.8338205	982.56464	8.271174	10204.368	76.979965	151393.14	0	0	0	0	10.349017	19240.36	83.60481	159007.22	0	0	0	0	0.02002791	4.0567846	0.92919654	2052.3352	0	0	0	0	2.8299258	491.91516	27.587929	54515.523	0	0	0	0	0	0	0	0	0	0	0	0	0	0	0	0	0	0	0	0	0.117632486	2.585535	1.7664993	3959.0122	0	0	0	0	0.0578704	41.336414	0.9186555	2257.2654	0	0	0	0	0	0	0	0	0	0	0	0	0	0	0	0	0	0	0	0	0	0	0	0	0	0	0	0	0	0	0	0	0	0	0	0	0	0	0	0	0	0	0	0	0	0	0	0	0	0	0	0	0.01828649	40.528378	0.94418937	1409.4011	0.016516507	46.262016	0.724477	1068.0734	0	0	0	0
11p_S11_bin.76	0	0	0	0	NaN	0	0	0	0.13742648	275.99374	5.7419186	8195.698	0.065100975	62.547886	2.8828213	4536.1196	NaN	0	0	0	0	0	0	0	0	0	0	0	0	0	0	0	0	0	0	0	0	0	0	0	0.0076394686	13.476317	0.2456454	414.90686	0	0	0	0	0.036931023	29.592085	1.1208535	1916.8932	0	0	0	0	0	0	0	0	0	0	0	0	0	0	0	0	0	0	0	0	0	0	0	0	0.057677206	24.600958	3.1149778	6880.1157	0	0	0	0	0.03801295	1.017014	0.47227815	933.252	0	0	0	0	0	0	0	0	0	0	0	0	0	0	0	0	0	0	0	0	0.060605075	0.73716664	0.87841254	1968.666	0	0	0	0	0	0	0	0	0	0	0	0	0	0	0	0	0	0	0	0	0	0	0	0	0	0	0	0	0	0	0	0	0	0	0	0	0	0	0	0	0	0	0	0	0	0	0	0	0	0	0	0	0	0	0	0	0	0	0	0	0	0	0	0	0.0897125	157.93214	3.437443	5067.7144	0	0	0	0
8_S34_bin.5	0	0	0	0	NaN	0	0	0	0.02390127	130.27185	1.18578	1692.5172	0	0	0	0	NaN	0	0	0	0	0	0	0	0	0	0	0	0	0	0	0	0	0	0	0	0	0	0	0	0.00825462	30.244583	0.30673137	518.0844	0	0	0	0	0.008424072	16.006231	0.31272918	534.83203	0	0	0	0	0	0	0	0	0.18370648	900.2019	2.0104969	3953.956	0	0	0	0	0.214246	2369.2935	2.0621781	3922.0378	0	0	0	0	0	0	0	0	0	0	0	0	0	0	0	0	0	0	0	0	0	0	0	0	0	0	0	0	0	0	0	0	0	0	0	0	0.13444443	3.5672634	2.0483048	4590.584	0	0	0	0	0	0	0	0	0	0	0	0	0	0	0	0	0	0	0	0	0	0	0	0	0	0	0	0	0	0	0	0	0	0	0	0	0.02898941	43.233444	1.875521	2951.003	0	0	0	0	0.27570918	2.8079054	20.161688	27863.953	0	0	0	0	0.2511435	1882.7344	28.757679	34674.85	0	0	0	0	0.8197722	779.631	35.81075	53455.043	0.01838677	63.52633	0.8775566	1293.7542	0	0	0	0
15p_S15_bin.31	0	0	0	0	NaN	0	0	0	0.3597509	3711.3005	16.550356	23623.068	0.47257185	592.13934	20.724192	32609.52	NaN	0	0	0	0	0	0	0	0.6042984	620.92633	28.119186	46015.92	0	0	0	0	0.48924282	426.26248	16.808773	28458.482	1.6744784	2715.04	19.80745	53312.734	0.6361837	5181.0303	22.573906	38128.418	1.8568774	80.21372	25.640928	62925.152	0.63294643	2678.8965	18.807322	32164.451	1.4833404	67.34823	17.827406	44576.266	0.056068763	79.246666	3.5302374	4159.99	0	0	0	0	0	0	0	0	0	0	0	0	0	0	0	0	0	0	0	0	0	0	0	0	0.028617473	0.4777857	0.32185325	636.00275	0	0	0	0	0	0	0	0	0	0	0	0	0	0	0	0	0	0	0	0	0.1366073	1.6442611	2.0534782	4602.18	0.09898662	151.38136	5.5107975	8730.53	0.27235937	190.24709	4.1825013	10276.994	0	0	0	0	0	0	0	0	0	0	0	0	0.07730764	0.71615285	10.536801	14904.681	0.031643793	43.934998	6.067864	6997.0713	0.1474719	351.67593	13.694379	18612.76	0	0	0	0	0.06785166	183.70041	5.204268	8188.554	0.18842424	1585.9614	20.714954	25391.912	0.046781197	0.61036646	4.6186	6383.0205	0	0	0	0	0	0	0	0	0.027164532	1.7522495	6.2696757	6914.247	0.13628186	234.00891	7.010334	10464.39	0.31441197	1534.0211	12.54313	18491.943	0.94824773	26.862154	27.499958	47142.34
163_merged	0	0	0	0	NaN	0	0	0	0.25509763	1385.5891	10.275442	14666.603	0.31734005	397.57193	12.711921	20002.207	NaN	0	0	0	0	0	0	0	0	0	0	0	0	0	0	0	0.14018182	77.20211	4.223675	7150.9927	0	0	0	0	0.09718514	264.83688	2.6706579	4510.87	0.23964682	60.555897	3.1560123	7745.137	0.19882333	573.2819	5.3076844	9077.246	0.2535211	61.1515	2.9205375	7302.612	0	0	0	0	0	0	0	0	0	0	0	0	0	0	0	0	0	0	0	0	0	0	0	0	0	0	0	0	0	0	0	0	0	0	0	0	0	0	0	0	0	0	0	0	0	0	0	0	0	0	0	0	0	0	0	0	0	0	0	0	0	0	0	0	0	0	0	0	0	0	0	0	0	0	0	0	0	0	0	0	0	0	0	0	0.04329513	136.40749	3.6639962	4979.9316	0	0	0	0	0	0	0	0	0	0	0	0	0	0	0	0	0	0	0	0	0	0	0	0	0	0	0	0	0.031112574	581.7783	1.5089029	2252.3538	0.16929255	530.5808	6.1741314	9102.329	0.19178867	8.908118	5.154045	8835.424
125_merged	0	0	0	0	NaN	0	0	0	0.037580915	4107.8325	2.1387649	3052.755	0	0	0	0	NaN	0	0	0	0	0	0	0	0	0	0	0	0	0	0	0	0.6578978	905.3244	20.069921	33979.85	0	0	0	0	0.5965013	7065.1494	16.716719	28235.348	0.12946849	12.22442	1.9532855	4793.5376	0.34794012	6117.8696	9.897411	16926.64	0.11963544	13.629322	1.5989153	3997.984	0	0	0	0	0	0	0	0	0	0	0	0	0	0	0	0	0	0	0	0	0	0	0	0	0	0	0	0	0	0	0	0	0	0	0	0	0	0	0	0	0	0	0	0	0	0	0	0	0	0	0	0	0	0	0	0	0	0	0	0	0	0	0	0	0	0	0	0	0	0	0	0	0	0	0	0	0	0	0	0	0	0	0	0	0	0	0	0	0	0	0	0	0	0	0	0	0	0	0	0	0	0	0	0	0	0	0	0	0	0	0	0	0	0	0	0	0	0	0	0	0.0634206	2064.0376	2.9624257	4367.412	0	0	0	0
23_S49_bin.14	0	0	0	0	NaN	0	0	0	0	0	0	0	0	0	0	0	NaN	0	0	0	0	0	0	0	0	0	0	0	0	0	0	0	0	0	0	0	0	0	0	0	0	0	0	0	0	0	0	0	0	0	0	0	0	0	0	0	0	0	0	0	0	0	0	0	0	0	0	0	0	0	0	0	0	0	0	0	0	0	0	0	0	0	0	0	0	0	0	0	0	0	0	0	0.17216271	0.78834397	2.964038	6658.7554	0	0	0	0	0	0	0	0	0	0	0	0	1.0911633	10.7805	14.270198	31981.844	0	0	0	0	0.3168404	229.3118	4.5781593	11249.185	0	0	0	0	0	0	0	0	0	0	0	0	0	0	0	0	0	0	0	0	0	0	0	0	0	0	0	0	0	0	0	0	0	0	0	0	0	0	0	0	0	0	0	0	0	0	0	0	0	0	0	0	0	0	0	0	0	0	0	0	0	0	0	0
165_merged	0	0	0	0	NaN	0	0	0	0.19575661	512.49164	8.122509	11593.622	0.056512915	57.845318	2.3890605	3759.186	NaN	0	0	0	0	0	0	0	0	0	0	0	0	0	0	0	0.09018538	39.79788	2.8383543	4805.5415	0	0	0	0	0.05597952	92.075066	1.6360677	2763.3972	0.044936296	0.5251248	0.5972969	1465.82	0.20427562	163.81259	5.6967196	9742.578	0.09339837	1.3596401	1.1034132	2759.013	0	0	0	0	0	0	0	0	0	0	0	0	0	0	0	0	0	0	0	0	0	0	0	0	0	0	0	0	0	0	0	0	0	0	0	0	0	0	0	0	0	0	0	0	0	0	0	0	0	0	0	0	0	0	0	0	0	0	0	0	0	0	0	0	0	0	0	0	0	0	0	0	0	0	0	0	0	0	0	0	0.0132052405	11.139029	2.095268	2416.1292	0	0	0	0	0	0	0	0	0	0	0	0	0	0	0	0	0	0	0	0	0	0	0	0	0	0	0	0	0	0	0	0	0	0	0	0	0.122755714	230.38593	4.6523023	6858.7427	0.0462671	0.48952466	1.3030953	2233.8574
5_S31_bin.14	0	0	0	0	NaN	0	0	0	0.02062623	250.5202	1.1126713	1588.1656	0	0	0	0	NaN	0	0	0	0	0	0	0	0	0	0	0	0	0	0	0	0.040094268	49.049942	1.5024202	2543.7075	0	0	0	0	0.052836888	627.462	1.7017039	2874.2595	0.032349933	0.7125321	0	0	0.03962045	215.8271	1.3432158	2297.1794	0.040889602	1.0540907	0.5818713	1454.9309	0	0	0	0	0	0	0	0	0	0	0	0	0	0	0	0	0	0	0	0	0.055219032	38.52092	2.9727833	6566.0483	0	0	0	0	0	0	0	0	0	0	0	0	0	0	0	0	0	0	0	0	0	0	0	0	0	0	0	0	0	0	0	0	0	0	0	0	0	0	0	0	0	0	0	0	0	0	0	0	0	0	0	0	0.097207814	0.8129736	11.385676	16105.447	0	0	0	0	0.030004261	59.087784	0	0	0	0	0	0	0.6399503	913.13556	36.59342	57577.22	0	0	0	0	0.2978958	3.1182678	22.34665	30883.629	0	0	0	0	0	0	0	0	0	0	0	0	0.09733752	109.403046	4.6379905	6923.1714	0.018379463	157.83852	0.96470714	1422.2375	0	0	0	0
23_S49_bin.13	0	0	0	0	NaN	0	0	0	0.015896987	65.81829	0.78150666	1115.48	0	0	0	0	NaN	0	0	0	0	0	0	0	0	0	0	0	0	0	0	0	0.21679123	105.458176	7.0124803	11872.644	0	0	0	0	0.13821834	398.05273	3.8309522	6470.6626	0.11021373	1.2506818	1.4660273	3597.762	0.09894911	104.17342	2.6869702	4595.2793	0.21306415	3.6130753	2.44668	6117.764	0	0	0	0	0	0	0	0	0	0	0	0	0	0	0	0	0	0	0	0	0.025414877	5.768638	1.3671159	3019.577	0	0	0	0	0.0351049	14.402229	0.46136463	911.68634	0	0	0	0	1.5473226	7.9040394	24.655033	55387.88	0	0	0	0	1.2604343	0.41985008	21.942598	57535.93	0	0	0	0	1.1300545	18.391386	14.851399	33284.41	0	0	0	0	1.5461237	1133.8469	20.726032	50926.773	0	0	0	0	0	0	0	0	0	0	0	0	0	0	0	0	0	0	0	0	0	0	0	0	0	0	0	0	0	0	0	0	0	0	0	0	0	0	0	0	0	0	0	0	0	0	0	0	0	0	0	0	0	0	0	0	0.026271222	62.602833	1.0916096	1609.3257	0	0	0	0
16p_S16_bin.21	0	0	0	0	NaN	0	0	0	0.13022481	624.0979	5.4949985	7843.2607	0.20534995	154.59842	8.420239	13249.249	NaN	0	0	0	0	0	0	0	0	0	0	0	0	0	0	0	0.2512825	154.85295	7.535315	12757.838	0	0	0	0	0.21068501	1005.2814	5.737107	9690.252	0.18512377	4.359573	2.4769812	6078.7324	0.16858913	286.55576	4.5507298	7782.6987	0.2138434	4.799143	2.479906	6200.842	0	0	0	0	0	0	0	0	0	0	0	0	0	0	0	0	0	0	0	0	0	0	0	0	0	0	0	0	0	0	0	0	0	0	0	0	0	0	0	0	0	0	0	0	0	0	0	0	0	0	0	0	0	0	0	0	0	0	0	0	0	0	0	0	0	0	0	0	0	0	0	0	0	0	0	0	0	0	0	0	0	0	0	0	0.04909285	103.1117	4.4703593	6075.904	0	0	0	0	0	0	0	0	0	0	0	0	0	0	0	0	0	0	0	0	0	0	0	0	0	0	0	0	0.02910661	53.463898	1.5883069	2370.8809	0.15800814	423.30673	5.901386	8700.23	0.13076848	2.16069	3.6646175	6282.143
11p_S11_bin.8	0	0	0	0	NaN	0	0	0	0.16523927	275.9222	6.7262654	9600.7	0.23714967	190.27994	9.619926	15136.955	NaN	0	0	0	0	0	0	0	0	0	0	0	0	0	0	0	0.5584762	295.7305	16.448996	27849.354	0.218745	311.2446	2.500126	6729.2134	0.5113165	1837.3391	13.577562	22933.156	0.3234628	3.6882637	4.2108626	10333.834	0.39814278	502.91632	10.584697	18102.04	0.36425942	5.1959743	4.131705	10331.055	0	0	0	0	0	0	0	0	0	0	0	0	0	0	0	0	0	0	0	0	0	0	0	0	0	0	0	0	0.023709355	0.46665677	0.2501331	494.27896	0	0	0	0	0	0	0	0	0	0	0	0	0	0	0	0	0	0	0	0	0.024838896	0.21994384	0.35565972	797.0915	0	0	0	0	0	0	0	0	0	0	0	0	0	0	0	0	0	0	0	0	0	0	0	0	0	0	0	0	0.07316759	136.8196	6.3561807	8639.022	0	0	0	0	0	0	0	0	0	0	0	0	0	0	0	0	0	0	0	0	0	0	0	0	0	0	0	0	0.034995	54.084217	1.8181773	2714.0112	0.2061333	385.1458	7.507554	11068.151	0.20279029	2.0250728	5.4391413	9324.154
11p_S11_bin.20	0	0	0	0	NaN	0	0	0	0.16831164	265.43546	6.824921	9741.52	0.08438259	68.20185	3.5139203	5529.154	NaN	0	0	0	0	0	0	0	0	0	0	0	0	0	0	0	0.030534726	18.830656	1.0205978	1727.9462	0	0	0	0	0.04005664	182.22862	1.1698366	1975.9113	0.06280437	0.70956326	0.8484202	2082.0986	0.033998072	55.698296	1.0047295	1718.2968	0.06399308	0.8532392	0.7535951	1884.3151	0	0	0	0	0	0	0	0	0	0	0	0	0	0	0	0	0	0	0	0	0	0	0	0	0	0	0	0	0	0	0	0	0	0	0	0	0	0	0	0	0	0	0	0	0	0	0	0	0	0	0	0	0	0	0	0	0	0	0	0	0	0	0	0	0	0	0	0	0	0	0	0	0	0	0	0	0	0	0	0	0	0	0	0	0.0376177	68.67957	3.283234	4462.4175	0	0	0	0	0	0	0	0	0	0	0	0	0	0	0	0	0	0	0	0	0	0	0	0	0	0	0	0	0	0	0	0	0.11142274	228.35506	4.1486344	6116.2007	0.10151266	1.019895	2.79271	4787.4595
17_S43_bin.7	0	0	0	0	NaN	0	0	0	0.019222282	89.691	0.9724101	1387.9646	0	0	0	0	NaN	0	0	0	0	0	0	0	0	0	0	0	0	0	0	0	0.020887569	10.085702	0.7281781	1232.8589	0	0	0	0	0.014256195	44.928326	0.4512156	762.125	0	0	0	0	0.010209607	12.617039	0.34544817	590.7885	0	0	0	0	0	0	0	0	6.1985855	7955.0024	58.515842	115080.55	0	0	0	0	6.765577	25456.975	56.070724	106640.39	0	0	0	0	0	0	0	0	0	0	0	0	0	0	0	0	0	0	0	0	0.18648823	0.9212347	3.0887847	6938.999	0	0	0	0	0	0	0	0	0	0	0	0	0.29994476	6.067826	4.18052	9369.2295	0	0	0	0	0.83127856	610.14935	11.467097	28176.275	0	0	0	0	0	0	0	0	0	0	0	0	0	0	0	0	0	0	0	0	0	0	0	0	0	0	0	0	0	0	0	0	0	0	0	0	0	0	0	0	0	0	0	0	0	0	0	0	0	0	0	0	0	0	0	0	0.02164041	67.17178	0.96365964	1420.6936	0	0	0	0
32_merged	0	0	0	0	NaN	0	0	0	0.8124443	1998.2373	32.485325	46367.766	1.0619284	1081.6719	42.945374	67574.555	NaN	0	0	0	0.5548091	3356.643	43.120335	64350.95	1.6436808	1687.3702	65.62351	107390.26	0	0	0	0	1.0445117	532.0194	31.899338	54007.93	0.9125508	1499.326	10.532653	28349.162	0.7167496	2106.8464	20.13733	34012.93	0.8398504	9.87419	10.741465	26360.52	1.8957306	2579.3372	51.410255	87922.27	0.75305575	11.2624445	8.506183	21269.152	3.2256982	9474.342	139.91566	164875.03	0.24615064	102.63513	2.6171827	5147.0996	2.502854	28541.986	145.3567	222197.66	0.13412589	80.24418	1.2080699	2297.6167	3.164697	9288.311	202.15388	306907.38	2.1521769	823.99396	99.50916	219787.94	0	0	0	0	1.6343789	49.2685	17.9762	35522.117	6.257346	19161.727	247.31038	401276.16	4.5978417	24.47271	75.66976	169993.19	4.8256946	27125.305	218.16052	340669.25	4.7530704	1.769001	82.75786	217000.23	3.9915683	4.392366	271.34033	407112.13	7.5338964	162.26765	99.50553	223008.16	4.689687	9933.616	224.24968	355269.6	2.9348304	2109.5183	40.337696	99115.39	0	0	0	0	0	0	0	0	0	0	0	0	0	0	0	0	0	0	0	0	0.20683245	386.97202	16.554781	22500.482	0	0	0	0	0	0	0	0	0.21929152	1884.2888	21.655397	26544.684	0	0	0	0	0	0	0	0	0	0	0	0	0	0	0	0	0.06748032	60.456264	2.9838464	4454.0166	0.88392055	2130.105	31.95596	47111.676	0.6146415	6.7721477	16.270208	27891.521
11p_S11_bin.80	0	0	0	0	NaN	0	0	0	0.16717002	1469.5317	7.256525	10357.568	0.07831502	69.570915	3.4454625	5421.4346	NaN	0	0	0	0	0	0	0	0.4019156	353.61328	16.561886	27102.855	0	0	0	0	0.65661395	643.28485	19.941898	33763.1	0.23051403	342.93457	2.7540343	7412.622	0.7321035	6571.3223	20.254541	34210.9	0.4334792	6.6939106	5.736856	14078.757	0.5307025	1914.7964	14.563612	24906.82	0.56576324	10.804192	6.501491	16256.551	0	0	0	0	0.031830475	15.478955	0.3581053	704.2702	0	0	0	0	0	0	0	0	0	0	0	0	0	0	0	0	0	0	0	0	0.023834996	0.6362137	0.28430519	561.8054	0	0	0	0	0.21381474	1.1583185	3.7795272	8490.763	0	0	0	0	0	0	0	0	0	0	0	0	0.123291284	2.0690217	1.7915176	4015.0825	0.084238745	152.86545	4.528	7173.5234	0.12355289	95.35077	1.8826351	4625.9004	0	0	0	0	0	0	0	0	0	0	0	0	0	0	0	0	0	0	0	0	0.044174407	104.28829	4.4086666	5992.054	0	0	0	0	0	0	0	0	0	0	0	0	0	0	0	0	0	0	0	0	0	0	0	0	0	0	0	0	0.03532814	68.904175	1.9297228	2880.516	0.2414925	1319.3223	9.248652	13634.997	0.18206619	2.6009977	5.127893	8790.593
15_S41_bin.5	0	0	0	0	NaN	0	0	0	0	0	0	0	0.16880095	125.804855	6.8210006	10732.844	NaN	0	0	0	0	0	0	0	0	0	0	0	0.8885865	359.4851	18.0894	53382.383	0	0	0	0	1.9992278	3595.084	22.38686	60255.355	0	0	0	0	2.2872615	35.40016	28.703829	70441.78	0	0	0	0	0.6163492	26.180582	6.9436455	17362.129	0	0	0	0	0	0	0	0	0	0	0	0	0	0	0	0	0	0	0	0	0	0	0	0	0	0	0	0	0	0	0	0	0	0	0	0	0	0	0	0	0	0	0	0	0	0	0	0	0	0	0	0	0.16530305	2.6169896	2.2783127	5106.0703	0	0	0	0	0.08993444	64.34568	1.3047441	3205.9392	0	0	0	0	0	0	0	0	0	0	0	0	0	0	0	0	0	0	0	0	0	0	0	0	0	0	0	0	0	0	0	0	0	0	0	0	0	0	0	0	0	0	0	0	0	0	0	0	0	0	0	0	0.043662313	38.270996	1.973988	2946.5908	0	0	0	0	0.34585524	8.257404	9.089266	15581.452
23_S49_bin.10	0	0	0	0	NaN	0	0	0	0	0	0	0	0	0	0	0	NaN	0	0	0	0	0	0	0	0	0	0	0	0	0	0	0	0	0	0	0	0	0	0	0	0	0	0	0	0	0	0	0	0	0	0	0	0	0	0	0	0	0	0	0	1.6593503	1087.9762	15.574358	30629.414	0	0	0	0	2.5722377	3577.912	20.8126	39583.293	0	0	0	0	0	0	0	0	0	0	0	0	5.6245294	1154.7551	54.246326	107194.21	0	0	0	0	0.5483358	2.293665	8.740078	19634.705	0	0	0	0	0	0	0	0	0	0	0	0	0.921226	10.456941	11.815785	26481.105	0	0	0	0	0.12815085	73.71704	1.7254595	4239.697	0	0	0	0	0	0	0	0	0	0	0	0	0	0	0	0	0	0	0	0	0	0	0	0	0	0	0	0	0	0	0	0	0	0	0	0	0	0	0	0	0	0	0	0	0	0	0	0	0	0	0	0	0	0	0	0	0	0	0	0	0	0	0	0
16p_S16_bin.16	0	0	0	0	NaN	0	0	0	0	0	0	0	0	0	0	0	NaN	0	0	0	0	0	0	0	0.37391803	348.5447	15.184745	24849.227	0	0	0	0	0.05672711	168.08278	1.8362325	3108.8767	0	0	0	0	0.059592344	1929.7902	1.7406688	2940.0742	0.12385596	8.950004	1.996255	4898.989	0.6367125	1460.7505	17.504744	29936.764	0.108892456	11.653442	1.6218942	4055.44	0	0	0	0	0	0	0	0	0	0	0	0	0	0	0	0	0	0	0	0	0	0	0	0	0	0	0	0	0	0	0	0	0	0	0	0	0	0	0	0	0	0	0	0	0	0	0	0	0	0	0	0	0.071759135	5.821118	1.2541522	2810.7598	0	0	0	0	0	0	0	0	0	0	0	0	0	0	0	0	0	0	0	0	0	0	0	0	0	0	0	0	0	0	0	0	0	0	0	0	0.0672848	1077.4934	4.797071	7547.859	0	0	0	0	0	0	0	0	0	0	0	0	0	0	0	0	0	0	0	0	0.033284064	287.12122	1.9239995	2871.9717	0	0	0	0	0.07358908	4.101021	2.4643059	4224.4854
158_merged	0	0	0	0	NaN	0	0	0	0.010705651	65.57191	0.56673026	808.91956	0	0	0	0	NaN	0	0	0	0	0	0	0	0	0	0	0	0	0	0	0	0.013751515	6.8324795	0.4978218	842.8488	0	0	0	0	0	0	0	0	0	0	0	0	0	0	0	0	0	0	0	0	0	0	0	0	0	0	0	0	0	0	0	0	0	0	0	0	0	0	0	0	0	0	0	0	0.50758135	4513.392	126.16576	138779.61	0	0	0	0	0	0	0	0	0	0	0	0	0	0	0	0	0	0	0	0	0	0	0	0	0	0	0	0	0	0	0	0	0	0	0	0	0.82511526	6.5667515	130.8018	149953.77	0.630348	1.1891975	148.96568	158599.6	0.8425793	5427.99	140.73557	156318.92	0.6862595	5.861513	74.08469	104795.445	0.826252	1073.6538	117.08094	135010.23	0.67539877	1491.503	54.499413	74073.05	0.5415623	17225.541	197.62181	193043.52	0.9253204	2232.0793	54.378017	85560.05	0.6868896	5614.3423	68.72758	84244.67	1.0478284	16.89522	78.08256	107912.016	0.7942401	29802.48	123.83855	134378.83	1.3864437	9551.444	156.05544	188165.36	0.8089924	69.65983	140.14525	154553.23	1.1739047	2269.252	52.72654	78705.42	0	0	0	0	0	0	0	0
18_S44_bin.10	0	0	0	0	NaN	0	0	0	0.02237492	107.50722	1.1288006	1611.1882	0	0	0	0	NaN	0	0	0	0	0	0	0	0	0	0	0	0	0	0	0	0.025781145	13.143938	0.8823324	1493.8534	0	0	0	0	0.017735958	62.554886	0.5461047	922.39734	0	0	0	0	0.013480973	16.757538	0.43920463	751.1316	0.028182585	0.4829813	0.3901917	975.6488	0.022326749	30.971817	1.0078729	1187.6658	4.976748	10849.89	47.65531	93721.62	0	0	0	0	9.934189	23325.639	81.65467	155298.28	0	0	0	0	0	0	0	0	0	0	0	0	0	0	0	0	0	0	0	0	0.21802938	1.3485472	3.6404276	8178.2725	0	0	0	0	0	0	0	0	0	0	0	0	0.41924334	9.27374	5.8091807	13019.324	0	0	0	0	0.7726714	685.28925	10.780691	26489.68	0	0	0	0	0	0	0	0	0	0	0	0	0	0	0	0	0	0	0	0	0	0	0	0	0	0	0	0	0	0	0	0	0	0	0	0	0	0	0	0	0	0	0	0	0	0	0	0	0	0	0	0	0	0	0	0	0.024164593	78.24019	1.0937237	1612.4426	0	0	0	0
5_S31_bin.13	0	0	0	0	NaN	0	0	0	0.0054946123	79.72909	0.4225319	603.09863	0	0	0	0	NaN	0	0	0	0	0	0	0	0	0	0	0	0	0	0	0	0	0	0	0	0.22963904	328.19974	2.8044999	7548.453	0	0	0	0	0.33129868	9.279519	4.7684813	11702.277	0	0	0	0	0.5989063	13.07429	7.04465	17614.684	0	0	0	0	0	0	0	0	0	0	0	0	0	0	0	0	0	0	0	0	0	0	0	0	0	0	0	0	0	0	0	0	0	0	0	0	0	0	0	0	0	0	0	0	0	0	0	0	0	0	0	0	0.05560855	1.7664322	0.9947601	2229.42	0	0	0	0	0	0	0	0	0	0	0	0	0	0	0	0	0	0	0	0	0	0	0	0	0	0	0	0	0.03386432	68.71121	3.3419094	4542.1675	0	0	0	0	0.92684656	1623.1439	53.843693	84719.33	0	0	0	0	0.5595191	5.9220867	41.180195	56912.055	0	0	0	0	0.21030891	1440.7437	24.791203	29892.232	0	0	0	0	0.1421834	249.25006	6.8465657	10219.936	0	0	0	0	0.22498754	4.9219646	6.566453	11256.675
20_S46_bin.5	0	0	0	0	NaN	0	0	0	0.068096064	2744.7014	3.4469006	4919.917	0	0	0	0	NaN	0	0	0	0	0	0	0	0	0	0	0	0	0	0	0	0.2288326	634.644	7.5353813	12757.953	0	0	0	0	0.26630932	8001.1313	7.7702723	13124.365	0.15396225	5.9600105	2.285613	5609.0977	0.17253926	2894.9302	5.3144817	9088.876	0.20971908	9.63717	2.6412375	6604.24	0.11908338	660.1437	6.531031	7696.093	0.87740886	485.58047	8.420973	16561.16	0	0	0	0	1.2255605	914.46545	10.076907	19165.176	0	0	0	0	0.866762	710.2506	39.469315	87176.68	0	0	0	0	1.3737469	51.57521	13.638306	26950.17	0.22502236	738.40356	10.4725485	16992.348	0.9722318	5.8337774	16.493824	37053.605	0	0	0	0	1.2257773	0.43951496	21.602737	56644.777	0	0	0	0	0.5798727	10.136513	8.025469	17986.383	0.24157532	804.2202	14.015657	22204.426	0.91488373	687.7744	12.852033	31579.256	0	0	0	0	0	0	0	0	0	0	0	0	0.11571975	0.9759741	13.657853	19319.525	0	0	0	0	0.056265946	144.87495	5.5908356	7598.8027	0	0	0	0	0.036669776	162.20477	3.0651076	4822.7354	0	0	0	0	0.057159334	0.837099	5.070308	7007.292	0	0	0	0	0	0	0	0	0	0	0	0	0.050572738	116.96225	2.8167503	4204.5894	0.09677632	2001.3962	4.2913823	6326.65	0.06093075	2.370176	2.1069887	3611.9465
11p_S11_bin.50	0	0	0	0	NaN	0	0	0	0.1213865	214.51591	5.0206294	7166.169	0	0	0	0	NaN	0	0	0	0	0	0	0	0	0	0	0	0	0	0	0	0.03322677	13.853934	1.1183156	1893.3903	0	0	0	0	0.07147005	142.41298	2.0397277	3445.1995	0.09494965	1.1389427	1.4074204	3453.9353	0.111457735	72.75792	3.1268427	5347.5527	0.121347204	1.836981	1.4884461	3721.763	0	0	0	0	0	0	0	0	0	0	0	0	0	0	0	0	0	0	0	0	0	0	0	0	0	0	0	0	0	0	0	0	0	0	0	0	0	0	0	0	0	0	0	0	0	0	0	0	0	0	0	0	0	0	0	0	0	0	0	0	0	0	0	0	0	0	0	0	0	0	0	0	0	0	0	0	0	0	0	0	0	0	0	0	0	0	0	0	0	0	0	0	0	0	0	0	0	0	0	0	0	0	0	0	0	0	0	0	0	0	0	0	0	0	0	0	0	0	0	0	0.068517186	137.04099	2.626981	3872.877	0.04594182	0.73271483	1.510434	2589.292
11p_S11_bin.70	0	0	0	0	NaN	0	0	0	0.5102795	1243.7563	20.910196	29846.064	0.56819737	536.14935	23.168873	36456.223	NaN	0	0	0	0	0	0	0	0	0	0	0	0	0	0	0	0.040861197	19.262787	1.313343	2223.5862	0	0	0	0	0.029821256	73.06758	0.8868045	1497.8556	0.12014118	1.329642	1.630721	4001.934	0.03927549	34.65461	1.1410755	1951.4773	0.13854939	2.0251675	1.6320608	4080.8613	0	0	0	0	0	0	0	0	0	0	0	0	0	0	0	0	0	0	0	0	0	0	0	0	0	0	0	0	0.026202915	2.6260965	0.28619322	565.5363	0	0	0	0	0	0	0	0	0	0	0	0	0	0	0	0	0	0	0	0	0	0	0	0	0	0	0	0	0	0	0	0	0	0	0	0	0	0	0	0	0	0	0	0	0	0	0	0	0.018381458	17.977568	3.1019633	3576.985	0.06689351	127.86843	5.844448	7943.498	0	0	0	0	0	0	0	0	0	0	0	0	0	0	0	0	0	0	0	0	0	0	0	0	0	0	0	0	0.029307088	29.964264	1.4704425	2194.9429	0.2979621	612.27045	11.036371	16270.58	0.22060186	2.2848735	6.025757	10329.774
8_S34_bin.14	0	0	0	0	NaN	0	0	0	0	0	0	0	0	0	0	0	NaN	0	0	0	0	0	0	0	0	0	0	0	0	0	0	0	0	0	0	0	0	0	0	0	0	0	0	0	0	0	0	0	0	0	0	0	0	0	0	0	0	0	0	0	0	0	0	0	0	0	0	0	0	0	0	0	0	0	0	0	0	0	0	0	0	0	0	0	0	0	0	0	0	0	0	0	0	0	0	0	0	0	0	0	0	0	0	0	0	0	0	0	0	0	0	0	0	0	0	0	0	0	0	0	0	0	0	0	0	0	0	0	0	0	0	0	0	0	0	0	0	0	0	0	0	0	0	0	0	0	0	0	0.026122218	36.655384	1.5670352	2465.621	0	0	0	0	0	0	0	0	0	0	0	0	0	0	0	0	0	0	0	0	0.8918078	1997.3822	39.53004	59006.867	0	0	0	0	0	0	0	0
11p_S11_bin.59	0	0	0	0	NaN	0	0	0	0.14056607	606.7418	6.0462127	8630.031	0.06802455	66.24605	3.063219	4819.974	NaN	0	0	0	0	0	0	0	0	0	0	0	0	0	0	0	0.04791261	45.22569	1.7735976	3002.8306	0	0	0	0	0.065855615	526.091	2.0183418	3409.0776	0.03511045	0.59402996	0.579263	1421.563	0.040861234	166.3253	1.3227636	2262.2026	0.046126857	1.021138	0.6316578	1579.4188	0	0	0	0	0	0	0	0	0	0	0	0	0	0	0	0	0	0	0	0	0	0	0	0	0	0	0	0	0	0	0	0	0	0	0	0	0	0	0	0	0	0	0	0	0	0	0	0	0	0	0	0	0	0	0	0	0	0	0	0	0	0	0	0	0	0	0	0	0	0	0	0	0	0	0	0	0	0	0	0	0	0	0	0	0	0	0	0	0	0	0	0	0	0	0	0	0	0	0	0	0	0	0	0	0	0	0	0	0	0	0	0	0	0	0	0	0.0204941	77.18531	1.4610289	2180.892	0.15737268	514.52344	6.151482	9068.936	0.111382276	1.5675942	3.213215	5508.3174
191_merged	0	0	0	0	NaN	0	0	0	0.12258759	1422.6205	5.330839	7608.9478	0.091583736	82.163	3.9473999	6211.2314	NaN	0	0	0	0	0	0	0	0.42209795	356.30167	17.110113	28000.02	0	0	0	0	0.30392557	372.75464	9.476031	16043.614	0.32947716	453.01688	3.843787	10345.746	0.51742303	5024.05	14.325553	24196.557	0.6637828	10.423503	8.662156	21257.71	0.42363477	1644.9543	11.647277	19919.271	0.6325568	12.641427	7.2357697	18092.563	0	0	0	0	0	0	0	0	0	0	0	0	0	0	0	0	0	0	0	0	0	0	0	0	0	0	0	0	0	0	0	0	0	0	0	0	0	0	0	0	0	0	0	0	0	0	0	0	0	0	0	0	0.04369191	1.6414522	0.72373384	1622.0057	0	0	0	0	0	0	0	0	0	0	0	0	0	0	0	0	0	0	0	0	0	0	0	0	0	0	0	0	0.059552714	134.65988	5.368789	7297.0073	0	0	0	0	0.026132025	104.65215	2.0953374	3296.8684	0.1341082	1088.801	13.977422	17133.201	0	0	0	0	0	0	0	0	0	0	0	0	0	0	0	0	0.040329754	75.876	2.163366	3229.2786	0.21507852	1312.1982	8.175316	12052.614	0.15374725	2.386902	4.3362517	7433.506
5_S31_bin.10	0	0	0	0	NaN	0	0	0	0	0	0	0	0	0	0	0	NaN	0	0	0	0	0	0	0	0	0	0	0	0	0	0	0	0	0	0	0	0	0	0	0	0	0	0	0	0	0	0	0	0	0	0	0	0	0	0	0	0	0	0	0	0	0	0	0	0	0	0	0	0	0	0	0	0	0	0	0	0	0	0	0	0	0	0	0	0	0	0	0	0	0	0	0	0	0	0	0	0	0	0	0	0	0	0	0	0	0	0	0	0	0	0	0	0	0	0	0	0	0	0	0	0	0	0	0	0	0	0	0	0	0	0	0	0	0	0	0	0	0	0	0	0	0	0	0	0	0	0	0	0.66207373	803.4693	37.619816	59192.18	0	0	0	0	0.13083577	1.286562	9.762323	13491.775	0	0	0	0	0	0	0	0	0	0	0	0	0	0	0	0	0	0	0	0	0	0	0	0
23_S49_bin.9	0	0	0	0	NaN	0	0	0	0	0	0	0	0	0	0	0	NaN	0	0	0	0	0	0	0	0	0	0	0	0	0	0	0	0	0	0	0	0	0	0	0	0	0	0	0	0.15172344	3.739631	2.2822695	5600.893	0	0	0	0	0.10119692	3.4934688	1.4143391	3536.462	0	0	0	0	0	0	0	0	0	0	0	0	0.042707462	40.10645	0.39859882	758.0913	0	0	0	0	0	0	0	0	0	0	0	0	0	0	0	0	0	0	0	0	0.17233726	0.7321078	2.9107144	6538.962	0	0	0	0	0	0	0	0	0	0	0	0	1.2302215	13.547553	16.002449	35864.094	0	0	0	0	0.13779603	85.52684	2.0542045	5047.4683	0	0	0	0	0	0	0	0	0	0	0	0	0	0	0	0	0	0	0	0	0	0	0	0	0	0	0	0	0	0	0	0	0	0	0	0	0	0	0	0	0	0	0	0	0	0	0	0	0	0	0	0	0	0	0	0	0	0	0	0	0	0	0	0
143_merged	0	0	0	0	NaN	0	0	0	0.20917149	624.5879	8.431796	12035.08	0.19398022	146.80563	7.846053	12345.767	NaN	0	0	0	0	0	0	0	0.6760474	597.16187	26.391945	43189.37	0	0	0	0	0.39802903	212.9769	11.791896	19964.545	0	0	0	0	0.43410066	1625.3771	11.815966	19957.738	0.20603454	2.4149315	2.6633978	6536.2153	0.3928353	572.1876	10.411028	17805.035	0.26305157	3.890532	2.975586	7440.2573	0	0	0	0	0	0	0	0	0	0	0	0	0	0	0	0	0	0	0	0	0	0	0	0	0	0	0	0	0	0	0	0	0	0	0	0	0	0	0	0	0	0	0	0	0	0	0	0	0	0	0	0	0.044626363	0.5751895	0.61977637	1389.0199	0.23557258	382.20425	11.207527	17755.621	0	0	0	0	0	0	0	0	0	0	0	0	0	0	0	0	0	0	0	0	0	0	0	0	0.057192456	103.51051	4.7960143	6518.518	0	0	0	0	0	0	0	0	0.109880514	864.3518	10.997163	13480.065	0	0	0	0	0	0	0	0	0	0	0	0	0	0	0	0	0.023755264	25.674725	1.1871574	1772.0808	0.29035828	681.7762	10.49106	15466.641	0.19333428	2.0190794	5.145565	8820.888
23_S49_bin.8	0	0	0	0	NaN	0	0	0	0	0	0	0	0	0	0	0	NaN	0	0	0	0	0	0	0	0	0	0	0	0	0	0	0	0	0	0	0	0	0	0	0	0	0	0	0	0.2726697	20.541328	3.7678728	9246.697	0	0	0	0	0.23869565	44.911907	2.908057	7271.4053	0	0	0	0	0	0	0	0	0	0	0	0	0.14460458	881.0509	1.3144443	2499.9294	0	0	0	0	0	0	0	0	0	0	0	0	0	0	0	0	0	0	0	0	1.8605499	9.335782	29.913868	67201.94	0	0	0	0	2.5924425	0.96383744	44.832073	117554.65	0	0	0	0	1.7989496	24.148619	23.584831	52857.457	0	0	0	0	2.07957	1824.1084	28.238935	69387.05	0	0	0	0	0	0	0	0	0	0	0	0	0	0	0	0	0	0	0	0	0	0	0	0	0	0	0	0	0	0	0	0	0	0	0	0	0	0	0	0	0	0	0	0	0	0	0	0	0	0	0	0	0.014938279	28.111813	0.8061221	1203.3066	0	0	0	0	0	0	0	0
11p_S11_bin.9	0	0	0	0	NaN	0	0	0	0.14872229	341.59482	6.146845	8773.671	0.20112526	138.58292	8.234206	12956.5205	NaN	0	0	0	0	0	0	0	0	0	0	0	0	0	0	0	0.1925022	83.93987	5.80234	9823.786	0	0	0	0	0.15722877	409.6384	4.3248453	7304.872	0.121449076	1.3206254	1.6185552	3972.0786	0.0892574	73.960945	2.4699495	4224.1304	0.18372369	2.5568995	2.1187665	5297.8374	0	0	0	0	0	0	0	0	0	0	0	0	0	0	0	0	0	0	0	0	0	0	0	0	0	0	0	0	0	0	0	0	0	0	0	0	0	0	0	0	0	0	0	0	0	0	0	0	0	0	0	0	0	0	0	0	0	0	0	0	0	0	0	0	0	0	0	0	0	0	0	0	0	0	0	0	0	0	0	0	0	0	0	0	0.04650869	82.636055	4.2621584	5792.926	0	0	0	0	0	0	0	0	0	0	0	0	0	0	0	0	0	0	0	0	0	0	0	0	0	0	0	0	0.020237388	47.1508	1.192949	1780.7258	0.1592456	308.8961	5.9072776	8708.914	0.10131899	1.0703989	2.8351326	4860.1826
23_S49_bin.1	0	0	0	0	NaN	0	0	0	0.8683833	14514.681	34.95838	49897.668	0.6379966	657.25836	25.746796	40512.59	NaN	0	0	0	0.7180456	3838.8918	55.381485	82648.98	0.59043485	452.23083	23.59202	38607.406	0	0	0	0	0.6650291	746.51575	19.817446	33552.395	0.42836758	480.03772	4.9049883	13202.02	0.85312504	10631.29	23.088781	38998.066	0.6007729	13.001728	7.810721	19168.209	0.6016281	3119.862	16.058144	27462.777	0.6850564	19.465092	7.7688274	19425.445	0.2935192	505.6977	12.730407	15001.366	0.029874772	11.175323	0.3219512	633.1675	0	0	0	0	0.023972452	15.568563	0.22098307	420.28577	0.37737012	875.3547	23.821943	36166.16	0.16962574	52.576454	7.931108	17517.594	0	0	0	0	0.12027707	4.2328258	1.2992717	2567.4446	1.7587212	4855.505	69.23481	112337.69	1.5776122	9.183138	25.352444	56954.62	2.072095	9013.43	92.349785	144209.1	1.4544647	0.48538697	25.12442	65879.01	1.5592948	1.5669086	104.38548	156617.34	1.2119093	27.695387	15.959349	35767.5	1.3342788	2271.96	63.30283	100288.086	1.1223321	800.5554	15.236713	37438.75	0.063010424	0.50976557	11.0570755	12676.048	0	0	0	0	0.06902481	394.6478	12.621155	14018.675	0.08175248	0.7190499	9.585737	13559.365	0.07773318	106.68505	11.994472	13831.258	0.22791679	445.82364	18.713867	25435.01	0	0	0	0	0.030389406	164.12164	2.455859	3864.124	0.18865062	1229.9148	19.593418	24017.158	0.052223213	0.91698813	4.5637126	6307.164	0.050686993	1821.2943	9.009285	9776.094	0	0	0	0	0.036266185	6.1959925	7.771669	8570.657	0.15993573	254.91855	7.5191708	11223.9375	1.0263245	9141.454	37.06955	54650.473	0.9200614	19.87183	24.38272	41798.55
15p_S15_bin.32	0	0	0	0	NaN	0	0	0	0.13784711	649.4825	5.8421454	8338.755	0.21279117	160.72652	8.773031	13804.369	NaN	0	0	0	0	0	0	0	0	0	0	0	0	0	0	0	0.26833883	151.85854	8.082754	13684.695	0	0	0	0	0.27013782	1051.3613	8.966509	15144.869	0.17260851	2.9683447	2.480083	6086.345	0.14637019	320.95255	4.065721	6953.2314	0.22700068	4.0786114	2.6686225	6672.7153	0	0	0	0	0	0	0	0	0	0	0	0	0	0	0	0	0	0	0	0	0	0	0	0	0	0	0	0	0	0	0	0	0	0	0	0	0	0	0	0	0	0	0	0	0	0	0	0	0	0	0	0	0	0	0	0	0	0	0	0	0	0	0	0	0	0	0	0	0	0	0	0	0	0	0	0	0	0	0	0	0.01670362	30.0098	3.2968733	3801.743	0.05998411	130.4245	5.4807963	7449.242	0	0	0	0	0	0	0	0	0	0	0	0	0	0	0	0	0	0	0	0	0	0	0	0	0	0	0	0	0.03111138	59.318993	1.7473958	2608.3547	0.17201209	470.9187	6.435929	9488.291	0.15697317	2.8841884	4.444027	7618.2603
11p_S11_bin.24	0	0	0	0	NaN	0	0	0	0.13528277	408.6378	6.7171702	9587.721	0.03860113	28.890652	2.0091822	3161.449	NaN	0	0	0	0	0	0	0	0	0	0	0	0	0	0	0	0.11409632	56.497837	3.7180288	6294.8965	0	0	0	0	0.10814218	353.63434	3.1905951	5389.07	0.04806419	0.72749776	0.7935445	1947.429	0.050841935	77.39872	1.6683428	2853.214	0.06880658	1.1339474	0.9451128	2363.1936	0	0	0	0	0	0	0	0	0	0	0	0	0	0	0	0	0	0	0	0	0	0	0	0	0	0	0	0	0	0	0	0	0	0	0	0	0	0	0	0	0	0	0	0	0	0	0	0	0	0	0	0	0	0	0	0	0	0	0	0	0	0	0	0	0	0	0	0	0	0	0	0	0.038359813	250.06464	8.431846	9365.487	0	0	0	0	0.06437635	80.65215	10.771772	12421.319	0.036427204	78.22119	5.58209	7586.913	0	0	0	0	0	0	0	0	0	0	0	0	0	0	0	0	0	0	0	0	0	0	0	0	0	0	0	0	0	0	0	0	0.08472966	294.67017	3.6639514	5401.6475	0.075437985	0.9849725	2.3709626	4064.471
16p_S16_bin.1	0	0	0	0	NaN	0	0	0	0.15850738	514.70636	6.4757147	9243.077	0	0	0	0	NaN	0	0	0	0	0	0	0	0	0	0	0	0	0	0	0	0.09471177	38.80911	2.858663	4839.928	0	0	0	0	0.055035442	120.217705	1.5380377	2597.8203	0.038092762	0.72085327	0.52181166	1280.5725	0.16590716	198.2297	4.585508	7842.176	0.030772654	0.8051714	0.40945196	1023.8079	0	0	0	0	0	0	0	0	0	0	0	0	0	0	0	0	0	0	0	0	0	0	0	0	0	0	0	0	0	0	0	0	0	0	0	0	0	0	0	0	0	0	0	0	0	0	0	0	0	0	0	0	0	0	0	0	0	0	0	0	0	0	0	0	0	0	0	0	0	0	0	0	0	0	0	0	0	0	0	0	0	0	0	0	0	0	0	0	0	0	0	0	0	0	0	0	0	0	0	0	0	0	0	0	0	0	0	0	0	0	0	0	0	0	0	0	0	0	0	0	0.12526901	271.67722	4.6003184	6782.108	0	0	0	0
11p_S11_bin.40	0	0	0	0	NaN	0	0	0	0.14144738	4107.6	6.1040287	8712.553	0	0	0	0	NaN	0	0	0	0	0	0	0	0	0	0	0	0	0	0	0	0.079669066	158.4421	2.6526327	4491.1016	0	0	0	0	0.07710843	1001.9026	2.3145187	3909.3354	0.14293915	38.854282	2.3320184	5722.9824	0.13048628	1101.4165	3.8244054	6540.5337	0.16674913	52.228382	2.2997591	5750.3975	0	0	0	0	0	0	0	0	0	0	0	0	0	0	0	0	0	0	0	0	0	0	0	0	0	0	0	0	0	0	0	0	0	0	0	0	0	0	0	0	0	0	0	0	0	0	0	0	0	0	0	0	0	0	0	0	0	0	0	0	0	0	0	0	0	0	0	0	0	0	0	0	0	0	0	0	0	0	0	0	0	0	0	0	0	0	0	0	0	0	0	0	0	0	0	0	0	0	0	0	0	0	0	0	0	0	0	0	0	0	0	0	0	0	0	0	0	0	0	0	0.0841881	1479.2345	3.4283109	5054.253	0.06946007	15.831589	2.4904616	4269.3237
23_S49_bin.7	0	0	0	0	NaN	0	0	0	0.005373247	56.574875	0.35029328	499.9895	0	0	0	0	NaN	0	0	0	0	0	0	0	0	0	0	0	0	0	0	0	0	0	0	0	0	0	0	0	0.011647949	79.661415	0.38904014	657.1078	0.045702398	0.63164204	0.66865385	1640.936	0.018385606	41.734165	0.605316	1035.217	0	0	0	0	0	0	0	0	0	0	0	0	0	0	0	0	0.044030484	56.454056	0.3752594	713.7022	0	0	0	0	0.042955626	87.85508	2.0411842	4508.4043	0	0	0	0	0	0	0	0	0	0	0	0	1.3535151	6.5333576	22.19403	49859.22	0	0	0	0	3.13116	1.1674627	55.0226	144275.33	0	0	0	0	2.9062343	61.282818	38.73654	86814.914	0	0	0	0	2.4876688	1957.2122	34.181866	83989.64	0	0	0	0	0	0	0	0	0	0	0	0	0	0	0	0	0	0	0	0	0	0	0	0	0	0	0	0	0	0	0	0	0	0	0	0	0	0	0	0	0	0	0	0	0	0	0	0	0	0	0	0	0	0	0	0	0	0	0	0	0	0	0	0
17p_S17_bin.4	0	0	0	0	NaN	0	0	0	0.019876676	1662.0846	1.280625	1827.8933	0	0	0	0	NaN	0	0	0	0	0	0	0	0	0	0	0	0	0	0	0	0	0	0	0	0	0	0	0	0.037869867	2452.018	1.5514098	2620.4072	0	0	0	0	0.03923316	1645.0809	1.5701869	2685.3484	0	0	0	0	3.2078419	7196.383	142.26773	167646.67	0.43786794	189.66649	4.6837015	9211.232	4.2200317	39119.59	253.76314	387911.78	0.6966439	435.6759	6.5577044	12472.041	3.137928	7532.352	205.60394	312145.25	0.51921576	232.78217	25.287014	55851.94	0	0	0	0	0.521036	41.989826	6.199178	12249.971	1.6942847	3941.9275	71.75259	116422.95	0.22296892	1.4272105	4.5869846	10304.724	0.9039867	3113.5767	46.72079	72956.99	0	0	0	0	0	0	0	0	0.19944331	5.3447995	3.1438963	7045.984	0.6554453	847.3289	35.156464	55696.94	0.3942774	234.86307	6.3178377	15523.814	0	0	0	0	0	0	0	0	0	0	0	0	0	0	0	0	0	0	0	0	0	0	0	0	0	0	0	0	0	0	0	0	0	0	0	0	0	0	0	0	0	0	0	0	0	0	0	0	0	0	0	0	0	0	0	0	0	0	0	0	0	0	0	0
5_S31_bin.4	0	0	0	0	NaN	0	0	0	0	0	0	0	0	0	0	0	NaN	0	0	0	0	0	0	0	0	0	0	0	0	0	0	0	0	0	0	0	0	0	0	0	0	0	0	0	0	0	0	0	0	0	0	0	0	0	0	0	0	0	0	0	0	0	0	0	0	0	0	0	0	0	0	0	0	0	0	0	0	0	0	0	0	0	0	0	0	0	0	0	0	0	0	0	0	0	0	0	0	0	0	0	0	0	0	0	0	0	0	0	0	0	0	0	0	0	0	0	0	0	0	0	0	0	0	0	0	0	0	0	0	0	0	0	0.3889527	3.8599124	43.80072	61957.668	0	0	0	0	0.3384438	733.1028	28.235912	38376.93	0	0	0	0	1.0513148	2008.0317	62.64576	98568.766	0	0	0	0	0.13876316	1.4699864	10.854555	15001.266	0	0	0	0	0.24990934	1651.5885	30.163277	36369.668	0	0	0	0	0.3224591	328.96317	14.78713	22072.893	0	0	0	0	0	0	0	0
170_merged	0	0	0	0	NaN	0	0	0	0.04184688	884.14087	2.5031326	3572.8325	0	0	0	0	NaN	0	0	0	0	0	0	0	0	0	0	0	0	0	0	0	0.028735703	22.659319	1.1260514	1906.4867	0	0	0	0	0.018770993	231.54672	0.75986886	1283.4554	0	0	0	0	0.013297705	53.265415	0.5727629	979.5445	0	0	0	0	0	0	0	0	0	0	0	0	0	0	0	0	0	0	0	0	0	0	0	0	0	0	0	0	0	0	0	0	0	0	0	0	0	0	0	0	0	0	0	0	0	0	0	0	0	0	0	0	0	0	0	0	0	0	0	0	0	0	0	0	0	0	0	0	0.32258177	2.5228531	53.705875	61569.46	0.29483607	0.5454169	72.790924	77498.44	0.24568698	1545.1105	44.319073	49226.44	0.21154732	1.9739437	25.030403	35406.395	0.25259385	354.25833	38.683468	44607.29	0.29754224	654.06036	25.619537	34820.875	0.6020451	19815.678	223.9049	218717.67	0.60046417	1457.8463	36.594604	57579.07	0.9987094	8123.9834	100.43525	123111.21	1.0168316	13.557543	76.71507	106022.15	1.1273242	43206.867	176.11646	191106.27	1.2946954	8945.727	147.32901	177643.42	0.6740925	49.253498	119.01325	131248.73	0.9391424	1506.3798	43.06813	64288.207	0.045649726	500.74213	2.4592745	3625.6301	0	0	0	0
9_S35_bin.2	0	0	0	0	NaN	0	0	0	1.2353287	16162.77	51.802097	73939.46	1.6814706	2345.676	69.914215	110010.02	NaN	0	0	0	1.1450477	6741.5327	93.84331	140047.75	0.8072835	764.8857	36.092678	59064.234	0	0	0	0	0.65206844	943.6378	21.248106	35974.598	0.90148854	1677.4203	11.395027	30670.291	0.6650621	9112.878	19.19327	32418.367	0.83898264	42.112858	12.413268	30463.277	0.6314401	3899.1519	18.789202	32133.453	0.9306209	56.231483	11.885673	29719.352	0.21596077	280.0787	9.964105	11741.588	0	0	0	0	0	0	0	0	0	0	0	0	0	0	0	0	0	0	0	0	0.4661113	4472.288	118.81716	130696.33	0.08732153	3.044118	0.9501447	1877.547	0.40146264	926.0087	17.233952	27963.133	0	0	0	0	0.2747424	1135.2885	13.921551	21739.244	0	0	0	0	0	0	0	0	0.12747213	4.0848293	2.1031096	4713.412	0.45327118	668.46466	23.050615	36518.14	0.13587856	127.73699	2.2613761	5556.5195	0.52511925	4.425546	85.35545	97853.17	0.4600617	0.8796849	110.36339	117500.79	0.4486703	2792.3967	79.30266	88083.69	0.57152796	5.3170037	63.423214	89714.375	0.6091686	1085.003	89.24117	102907.195	0.7849578	2056.081	65.16977	88575.695	0	0	0	0	0.39727575	972.5135	24.497814	38545.62	0.46868822	3770.495	49.181053	60285.004	0.4428101	6.5287	34.554783	47755.56	0.38112196	13304.747	61.453884	66684.41	0.31436858	2339.9404	38.163166	46015.617	0.30756244	23.152382	55.687744	61412.87	0.6870906	1341.6919	31.806482	47477.836	1.3248974	8073.974	49.726665	73310.46	2.8324113	64.73119	77.279686	132478.22
9_S35_bin.3	0	0	0	0	NaN	0	0	0	1.0290227	14687.134	40.714508	58113.645	0.7744003	742.8974	30.85603	48551.957	NaN	0	0	0	0.6351754	3154.403	49.218624	73451.78	0.60172427	585.8711	29.150415	47703.484	0	0	0	0	0.5644118	1001.90466	17.085411	28926.854	0.41440132	585.63293	4.844438	13039.051	0.71456087	16926.938	19.51028	32953.81	0.4938772	14.882791	6.4937124	15936.153	0.5262948	4587.0034	14.301386	24458.357	0.57633334	23.652437	6.5975347	16496.703	0.2567742	415.94073	11.138428	13125.397	0.027807292	9.608798	0.30011538	590.22363	0	0	0	0	0.024807727	14.279403	0.22828577	434.17453	0	0	0	0	0.17292982	49.132214	8.097799	17885.771	0	0	0	0	0.13197088	2.4813218	1.404195	2774.779	1.126469	3440.538	44.236897	71777.06	1.1363715	11.796198	18.43609	41416.938	1.295698	5717.189	57.871605	90369.57	0	0	0	0	1.2041976	1.2491043	81.07337	121640.43	0.66646314	32.024265	8.991654	20151.762	0.92023706	2268.4912	44.118332	69894.85	0.839081	1008.98334	11.487308	28225.938	0.08993476	0.66615677	14.915842	17099.818	0	0	0	0	0.09024615	500.54626	23.903864	26550.697	0.11206356	0.8539877	12.865049	18198.07	0.106082104	118.65708	15.750878	18162.9	0.27170336	527.0885	21.873714	29729.732	0	0	0	0	0.039986435	153.71652	2.974442	4680.0786	0.16837904	1410.9326	17.581089	21550.494	0.06563619	0.880249	5.538653	7654.5566	0.054590657	1629.4708	9.884345	10725.631	0	0	0	0	0.046754833	3.536433	9.481781	10456.583	0.20515752	286.38803	9.341702	13944.452	1.246255	10209.416	44.330612	65355.227	1.4436605	20.111387	38.301334	65658.805
18_S44_bin.9	0	0	0	0	NaN	0	0	0	0	0	0	0	0	0	0	0	NaN	0	0	0	0	0	0	0	0	0	0	0	0	0	0	0	0	0	0	0	0	0	0	0	0	0	0	0	0	0	0	0	0.01116051	21.369627	0.39340737	672.8087	0	0	0	0	0	0	0	0	0.8610975	436.3329	8.263593	16251.645	0	0	0	0	2.7106302	2277.6787	22.459255	42715.05	0	0	0	0	0	0	0	0	0	0	0	0	0.05139049	5.520019	0.56405914	1114.617	0	0	0	0	0.106064916	0.5206355	1.7649109	3964.8972	0	0	0	0	0	0	0	0	0	0	0	0	0.13294093	1.2230505	1.8241802	4088.286	0	0	0	0	0.17934608	122.2555	2.5337057	6225.672	0	0	0	0	0	0	0	0	0	0	0	0	0	0	0	0	0	0	0	0	0	0	0	0	0	0	0	0	0	0	0	0	0	0	0	0	0	0	0	0	0	0	0	0	0	0	0	0	0	0	0	0	0	0	0	0	0	0	0	0	0	0	0	0
166_merged	0	0	0	0	NaN	0	0	0	0.7710091	23703.97	33.311184	47546.55	0.39032316	567.3555	16.703182	26282.457	NaN	0	0	0	0.6839267	4311.8223	56.44603	84237.63	0.98029983	1141.7333	41.04443	67167.56	0	0	0	0	1.4332451	4647.2983	45.16132	76461.43	0.6727573	1166.7754	8.125464	21870.094	1.7301942	58841.273	48.846657	82504.37	1.0638217	47.67484	14.654727	35964.02	1.5796022	22936.072	44.462307	76039.83	1.0816005	63.954388	13.083361	32714.096	0.05879591	189.7559	2.949971	3476.213	0	0	0	0	0	0	0	0	0	0	0	0	0	0	0	0	0.097997665	78.27906	4.9788623	10996.911	0	0	0	0	0.08813499	12.143317	1.0141664	2004.0581	0.5367641	1629.5691	22.901989	37159.875	1.882691	14.766705	31.607094	71005.8	0.6496084	3441.9292	31.66198	49441.85	0	0	0	0	0.77862227	0.81931186	54.93846	82428.3	0.9729548	31.303694	13.655317	30603.799	0.51633036	1025.0238	26.192717	41496.05	1.400785	1440.171	19.876158	48838.51	0.06390234	0.5338437	11.73567	13454.006	0	0	0	0	0.05389679	374.42538	10.551483	11719.828	0.11623717	1.3075063	14.406198	20378.082	0.08146232	168.42703	13.258274	15288.585	0.26103404	759.5184	22.80815	30999.768	0	0	0	0	0.11683694	622.20013	8.138525	12805.407	0.23853011	2214.457	25.77794	31598.002	0.09317537	1.6928315	7.972983	11018.862	0.048727073	1814.366	8.803801	9553.119	0	0	0	0	0.056511022	6.145996	11.511596	12695.078	0.16357286	500.24304	8.287483	12370.806	1.0978696	16589.87	42.149345	62139.453	0.65890115	20.973083	18.911861	32420.027
8p_S8_bin.5	0	0	0	0	NaN	0	0	0	0.0073704836	17.299263	0.3942173	562.68396	0	0	0	0	NaN	0	0	0	0	0	0	0	0	0	0	0	0	0	0	0	0	0	0	0	0	0	0	0	0	0	0	0	0	0	0	0	0	0	0	0	0	0	0	0	0	0	0	0	0	0	0	0	0	0	0	0	0	0	0	0	0	0	0	0	0	0	0	0	0.33901548	3089.301	84.49669	92944.55	0	0	0	0	0	0	0	0	0	0	0	0	0	0	0	0	0	0	0	0	0	0	0	0	0	0	0	0	0	0	0	0	0	0	0	0	0.5718818	4.601847	91.86779	105319.016	0.5436411	1.0612087	130.43501	138870.48	0.5628543	3964.8142	95.544235	106123.664	0.47891024	4.272752	52.77067	74646	0.5178829	940.27405	74.56915	85988.375	0.4701888	1213.458	38.49238	52317.047	0.603736	20290.498	216.77466	211752.63	0.73147553	1721.4896	43.32306	68165.836	0.96116424	7799.0405	94.750656	116143.16	1.178638	19.248802	87.23208	120556.89	0.8634489	34637.848	134.48146	145927.58	0.5138653	3625.98	60.588573	73055.266	0.7775289	58.756596	134.41756	148236.69	1.0747808	2115.8845	48.228622	71991.31	0	0	0	0	0	0	0	0
