GCA_003164925.1_20120700_S1D_genomic	64
GCA_003164135.1_20120700_S1D_genomic	94
GCA_003140945.1_20120800_E3X_genomic	34
GCA_003156775.1_20120600_P2S_genomic	55
GCA_003163815.1_20120800_S1M_genomic	111
GCA_003167295.1_20110700_P2D_genomic	78
GCA_003139215.1_20110800_S1M_genomic	64
GCA_003164855.1_20120700_P3S_genomic	138
GCA_003164305.1_20120700_S1D_genomic	125
GCA_003131845.1_20120500_P35_genomic	76
GCA_003139575.1_20110800_P2D_genomic	70
GCA_003133365.1_20120500_P27_genomic	39
GCA_003164495.1_20120700_S1D_genomic	115
GCA_003156975.1_20120600_E3D_genomic	51
GCA_003153315.1_20120700_P3D_genomic	81
GCA_003134455.1_20111000_S1D_genomic	49
GCA_003136415.1_20111000_P1D_genomic	54
GCA_003155615.1_20120700_E2X_genomic	99
GCA_003136875.1_20111000_P1M_genomic	89
GCA_003159405.1_20120700_S3X_genomic	34
GCA_003134115.1_20111000_S2M_genomic	57
GCA_003167255.1_20110700_P2D_genomic	278
GCA_003168335.1_20110700_P1D_genomic	116
GCA_003142415.1_20120800_E3D_genomic	137
GCA_003165375.1_20120700_S1D_genomic	50
GCA_003169075.1_20110600_S2D_genomic	56
GCA_003141435.1_20120800_E3S_genomic	103
GCA_003166595.1_20110700_S1M_genomic	82
GCA_003161355.1_20110600_S1D_genomic	236
GCA_003166795.1_20110700_P3M_genomic	77
GCA_003142685.1_20120800_E2D_genomic	36
GCA_003135575.1_20111000_P3M_genomic	33
GCA_003153155.1_20120700_P3D_genomic	53
GCA_003131505.1_20120500_P34_genomic	64
GCA_003168015.1_20110700_P2M_genomic	180
GCA_003152755.1_20120700_E3X_genomic	34
GCA_003158195.1_20120600_P2S_genomic	97
GCA_003161295.1_20110600_S1M_genomic	141
GCA_003161555.1_20110600_P1M_genomic	55
GCA_003139815.1_20110800_S2M_genomic	191
GCA_003131585.1_20120500_P33_genomic	79
GCA_003138655.1_20110800_S2M_genomic	34
GCA_003141995.1_20120800_E1D_genomic	86
GCA_003158175.1_20120600_P3M_genomic	69
GCA_003163335.1_20120800_S2D_genomic	24
GCA_003134895.1_20111000_P3D_genomic	241
GCA_003139095.1_20110800_S1M_genomic	105
GCA_003166775.1_20110700_P3M_genomic	84
GCA_003166525.1_20110700_S2D_genomic	187
GCA_003135195.1_20111000_S2D_genomic	41
GCA_003161655.1_20110600_P1D_genomic	92
GCA_003160145.1_20120700_S2D_genomic	87
GCA_003134815.1_20111000_P3D_genomic	145
GCA_003140725.1_20120800_P2D_genomic	223
GCA_003139415.1_20110800_P3S_genomic	118
GCA_003163215.1_20120800_S2X_genomic	68
GCA_003159865.1_20120700_S3D_genomic	39
GCA_003171055.1_20110800_E1D_genomic	63
GCA_003158275.1_20120600_E3D_genomic	83
GCA_003142295.1_20120800_E3S_genomic	50
GCA_003159975.1_20120700_S3D_genomic	180
GCA_003165035.1_20120700_S1D_genomic	125
GCA_003167365.1_20110700_P2D_genomic	96
GCA_003164775.1_20120700_S1D_genomic	25
GCA_003170595.1_20110800_E3D_genomic	401
GCA_003168255.1_20110700_P1S_genomic	104
GCA_003134695.1_20111000_P3M_genomic	63
GCA_003159735.1_20120700_S2X_genomic	260
GCA_003134635.1_20111000_P3M_genomic	89
GCA_003135255.1_20111000_S2D_genomic	56
GCA_003134785.1_20111000_P3D_genomic	103
GCA_003153495.1_20120700_P3D_genomic	86
GCA_003162875.1_20120800_S3X_genomic	209
GCA_003140215.1_20110800_P1M_genomic	87
GCA_003165455.1_20120700_P3M_genomic	111
GCA_003135515.1_20111000_P3M_genomic	116
GCA_003157935.1_20120600_E1D_genomic	67
GCA_003167925.1_20110700_S1D_genomic	142
GCA_003166815.1_20110700_P3M_genomic	123
GCA_003142115.1_20120700_S3X_genomic	83
GCA_003156015.1_20120600_S2M_genomic	43
GCA_003140155.1_20110800_P3M_genomic	127
GCA_003134995.1_20111000_P2S_genomic	123
GCA_003153125.1_20120700_P3D_genomic	65
GCA_003165155.1_20120700_S1D_genomic	101
GCA_003159275.1_20120700_S3X_genomic	79
GCA_003142355.1_20120800_E3S_genomic	233
GCA_003156855.1_20120600_P2M_genomic	130
GCA_003170715.1_20110800_E2M_genomic	73
GCA_003165825.1_20110800_E1D_genomic	56
GCA_003141205.1_20120800_E3X_genomic	65
GCA_003168955.1_20110600_S2S_genomic	178
GCA_003171215.1_20110800_E2D_genomic	80
GCA_003160885.1_20110600_S1M_genomic	41
GCA_003133185.1_20120500_P31_genomic	55
GCA_003167995.1_20110700_P3M_genomic	159
GCA_003164195.1_20120700_S1D_genomic	40
GCA_003169315.1_20110600_S3S_genomic	109
GCA_003161315.1_20110600_S1D_genomic	145
GCA_003151375.1_20120700_P3D_genomic	45
GCA_003138295.1_20110800_S3D_genomic	86
GCA_003158535.1_20120600_E2D_genomic	63
GCA_003154485.1_20120700_E2X_genomic	80
GCA_003152485.1_20120700_P2D_genomic	91
GCA_003140335.1_20110800_P1M_genomic	54
GCA_003141735.1_20120800_E2D_genomic	59
GCA_003169815.1_20110800_P1D_genomic	42
GCA_003154075.1_20120700_E3M_genomic	92
GCA_003168215.1_20110700_P1S_genomic	108
GCA_003170955.1_20110800_E1S_genomic	11
GCA_003165655.1_20110600_P3S_genomic	117
GCA_003164295.1_20120700_S1D_genomic	68
GCA_003135115.1_20111000_P2D_genomic	23
GCA_003140895.1_20120800_E3X_genomic	73
GCA_003141455.1_20120800_E3S_genomic	86
GCA_003167355.1_20110700_P2D_genomic	136
GCA_003142435.1_20120800_E3D_genomic	35
GCA_003159395.1_20120700_S3X_genomic	83
GCA_003169955.1_20110800_P1D_genomic	100
GCA_003171255.1_20110800_E2D_genomic	70
GCA_003134135.1_20111000_S2M_genomic	69
GCA_003135375.1_20111000_P3M_genomic	88
GCA_003156805.1_20120600_P2M_genomic	132
GCA_003164655.1_20120700_S1D_genomic	49
GCA_003170295.1_20110800_P1D_genomic	139
GCA_003134415.1_20111000_S1D_genomic	85
GCA_003138795.1_20110800_S2D_genomic	65
GCA_003152355.1_20120700_P2M_genomic	105
GCA_003162635.1_20100900_E3D_genomic	144
GCA_003153855.1_20120700_E3M_genomic	109
GCA_003133695.1_20120500_P17_genomic	62
GCA_003154575.1_20120700_E2X_genomic	155
GCA_003162715.1_20100900_E1D_genomic	44
GCA_003164695.1_20120700_S1D_genomic	162
GCA_003163005.1_20120800_S3M_genomic	76
GCA_003168975.1_20110600_S2M_genomic	69
GCA_003141795.1_20120800_E1X_genomic	79
GCA_003141055.1_20120800_S1D_genomic	37
GCA_003139235.1_20110800_S1D_genomic	20
GCA_003140695.1_20120800_P2M_genomic	127
GCA_003166875.1_20110700_P3D_genomic	235
GCA_003132665.1_20120500_P19_genomic	56
GCA_003133955.1_20111000_S3D_genomic	104
GCA_003157995.1_20120600_S2M_genomic	89
GCA_003152915.1_20120700_E3M_genomic	139
GCA_003131305.1_20120500_P38_genomic	141
GCA_003140555.1_20120800_S1M_genomic	75
GCA_003131665.1_20120500_P32_genomic	30
GCA_003168575.1_20110600_S3S_genomic	42
GCA_003154425.1_20120700_E2X_genomic	198
GCA_003140055.1_20110800_S1D_genomic	95
GCA_003134915.1_20111000_P3D_genomic	98
GCA_003165855.1_20110700_S3M_genomic	130
GCA_003156335.1_20120600_S2D_genomic	40
GCA_003153755.1_20120700_E3M_genomic	70
GCA_003151155.1_20120700_P3D_genomic	157
GCA_003169415.1_20110600_S2S_genomic	31
GCA_003166195.1_20110700_S2M_genomic	264
GCA_003166065.1_20110700_S3M_genomic	40
GCA_003136015.1_20100900_E2D_genomic	80
GCA_003135815.1_20111000_P2D_genomic	103
GCA_003164045.1_20120700_S1D_genomic	94
GCA_003163135.1_20120800_S2X_genomic	199
GCA_003138835.1_20110800_S2D_genomic	59
GCA_003153175.1_20120700_P3D_genomic	204
GCA_003171455.1_20110800_E1D_genomic	68
GCA_003138095.1_20111000_E2D_genomic	64
GCA_003153815.1_20120700_E3M_genomic	17
GCA_003155565.1_20120700_E2X_genomic	58
GCA_003135735.1_20111000_P3D_genomic	124
GCA_003140295.1_20110800_P1M_genomic	74
GCA_003152025.1_20120700_P3D_genomic	101
GCA_003166715.1_20110700_S1D_genomic	44
GCA_003133995.1_20111000_S3D_genomic	45
GCA_003170825.1_20110800_E2D_genomic	109
GCA_003136515.1_20110800_S3S_genomic	98
GCA_003153415.1_20120700_P3D_genomic	72
GCA_003164595.1_20120700_S1D_genomic	27
GCA_003155915.1_20120600_S3M_genomic	45
GCA_003168815.1_20110600_S3D_genomic	83
GCA_003170255.1_20110800_P1D_genomic	82
GCA_003165735.1_20110700_S3M_genomic	72
GCA_003165535.1_20110700_P2D_genomic	107
GCA_003136185.1_20111000_P2D_genomic	92
GCA_003135975.1_20110700_S1M_genomic	74
GCA_003138815.1_20110800_S2D_genomic	43
GCA_003168055.1_20110700_P2D_genomic	69
GCA_003168675.1_20110600_S3M_genomic	81
GCA_003156935.1_20120600_P2D_genomic	118
GCA_003156675.1_20120600_P3M_genomic	87
GCA_003169675.1_20110800_P1D_genomic	100
GCA_003162815.1_20120800_S3X_genomic	34
GCA_003132625.1_20120500_P19_genomic	19
GCA_003151615.1_20120700_P3D_genomic	16
GCA_003153505.1_20120700_P3D_genomic	83
GCA_003171385.1_20110800_E1S_genomic	34
GCA_003154305.1_20120700_E2X_genomic	127
GCA_003159695.1_20120700_S2X_genomic	21
GCA_003152415.1_20120700_P2M_genomic	137
GCA_003140775.1_20120800_P1D_genomic	182
GCA_003155035.1_20120600_S3D_genomic	82
GCA_003157855.1_20120600_E1D_genomic	38
GCA_003155415.1_20120700_E3M_genomic	71
GCA_003157225.1_20120600_E3D_genomic	54
GCA_003170535.1_20110800_E3D_genomic	34
GCA_003135455.1_20111000_P3M_genomic	61
GCA_003135775.1_20111000_P2D_genomic	35
GCA_003137015.1_20111000_E3D_genomic	34
GCA_003134075.1_20111000_S2M_genomic	90
GCA_003170735.1_20110800_E2M_genomic	157
GCA_003164605.1_20120700_S1D_genomic	103
GCA_003158735.1_20120600_E1D_genomic	264
GCA_003135535.1_20111000_P3M_genomic	82
GCA_003161445.1_20110600_P3S_genomic	87
GCA_003160455.1_20120700_S2S_genomic	32
GCA_003157315.1_20120600_E3D_genomic	174
GCA_003154335.1_20120700_E2X_genomic	14
GCA_003138175.1_20110800_S3M_genomic	92
GCA_003169735.1_20110800_P1D_genomic	67
GCA_003162395.1_20110600_P1M_genomic	62
GCA_003164785.1_20120700_S1D_genomic	120
GCA_003159535.1_20120700_S3D_genomic	86
GCA_003162035.1_20100900_E2D_genomic	37
GCA_003141295.1_20120800_E3X_genomic	65
GCA_003160905.1_20110600_S1M_genomic	72
GCA_003138595.1_20110800_S3D_genomic	27
GCA_003136055.1_20110800_S2D_genomic	89
GCA_003170995.1_20110800_E1D_genomic	43
GCA_003136975.1_20111000_P1D_genomic	62
GCA_003156795.1_20120600_P2M_genomic	97
GCA_003168495.1_20110700_E1D_genomic	101
GCA_003135875.1_20111000_P3D_genomic	283
GCA_003136375.1_20111000_P1D_genomic	241
GCA_003166655.1_20110700_S1M_genomic	73
GCA_003153215.1_20120700_P3D_genomic	57
GCA_003159875.1_20120700_S3D_genomic	118
GCA_003160955.1_20110600_S1D_genomic	179
GCA_003164955.1_20120700_S1D_genomic	180
GCA_003155735.1_20120700_E2X_genomic	42
GCA_003138675.1_20110800_S2M_genomic	56
GCA_003157675.1_20120600_E2D_genomic	55
GCA_003155215.1_20120600_S2S_genomic	102
GCA_003135895.1_20111000_P3M_genomic	68
GCA_003164435.1_20120700_S1D_genomic	35
GCA_003163455.1_20120800_S1X_genomic	51
GCA_003157035.1_20120600_E3D_genomic	62
GCA_003169125.1_20110600_S2D_genomic	273
GCA_003156755.1_20120600_P2S_genomic	118
GCA_003154275.1_20120700_E2X_genomic	44
GCA_003154055.1_20120700_E3M_genomic	96
GCA_003132345.1_20120500_P25_genomic	81
GCA_003163735.1_20120800_S1X_genomic	134
GCA_003161775.1_20110600_E2D_genomic	59
GCA_003163475.1_20120800_S1S_genomic	98
GCA_003138735.1_20110800_S2M_genomic	214
GCA_003157545.1_20120600_E2D_genomic	167
GCA_003131905.1_20120500_P33_genomic	76
GCA_003138915.1_20110800_S1S_genomic	24
GCA_003170475.1_20110800_E3D_genomic	158
GCA_003161165.1_20110600_P3S_genomic	135
GCA_003153435.1_20120700_P3D_genomic	78
GCA_003166095.1_20110700_S2M_genomic	80
GCA_003161235.1_20110600_P1M_genomic	78
GCA_003132545.1_20120500_P22_genomic	51
GCA_003141655.1_20120800_E2X_genomic	48
GCA_003141875.1_20120800_E1D_genomic	145
GCA_003158155.1_20120600_S1D_genomic	96
GCA_003153015.1_20120700_E3M_genomic	257
GCA_003142555.1_20120800_E2X_genomic	91
GCA_003156555.1_20120600_S1D_genomic	87
GCA_003158975.1_20120500_P39_genomic	75
GCA_003165955.1_20110700_S3M_genomic	44
GCA_003157275.1_20120600_E3D_genomic	62
GCA_003163155.1_20120800_S2X_genomic	283
GCA_003171365.1_20110800_E2D_genomic	48
GCA_003154915.1_20120600_S3M_genomic	87
GCA_003165355.1_20120700_S1D_genomic	16
GCA_003153055.1_20120700_E3M_genomic	224
GCA_003132565.1_20120500_P22_genomic	93
GCA_003168135.1_20110700_P2D_genomic	102
GCA_003160555.1_20120700_S2D_genomic	114
GCA_003153275.1_20120700_P3D_genomic	53
GCA_003170135.1_20110800_E3D_genomic	171
GCA_003158415.1_20120600_E3D_genomic	76
GCA_003159165.1_20120500_P39_genomic	42
GCA_003154295.1_20120700_E2X_genomic	98
GCA_003132945.1_20120500_P13_genomic	32
GCA_003160425.1_20120700_S1X_genomic	59
GCA_003166025.1_20110700_S3M_genomic	179
GCA_003139015.1_20110800_S1M_genomic	73
GCA_003137135.1_20110800_S3S_genomic	91
GCA_003168455.1_20110700_E2D_genomic	64
GCA_003169745.1_20110800_P1M_genomic	88
GCA_003167725.1_20110700_S2M_genomic	227
GCA_003134155.1_20111000_S2M_genomic	143
GCA_003169715.1_20110800_P1D_genomic	129
GCA_003155175.1_20120600_S2S_genomic	57
GCA_003135675.1_20111000_P3D_genomic	127
GCA_003139105.1_20110800_S1M_genomic	59
GCA_003161595.1_20110600_P1D_genomic	79
GCA_003140235.1_20110800_P1M_genomic	111
GCA_003168655.1_20110600_S3M_genomic	56
GCA_003153115.1_20120700_P3D_genomic	61
GCA_003165465.1_20120700_P3D_genomic	97
GCA_003156735.1_20120600_P2S_genomic	121
GCA_003132165.1_20120500_P28_genomic	40
GCA_003139075.1_20110800_S1M_genomic	98
GCA_003132065.1_20120500_P28_genomic	76
GCA_003134515.1_20111000_P3M_genomic	27
GCA_003153095.1_20120700_P3D_genomic	150
GCA_003170815.1_20110800_E2D_genomic	83
GCA_003152635.1_20120700_P1D_genomic	77
GCA_003155815.1_20120700_E2D_genomic	65
GCA_003169565.1_20110600_S2D_genomic	31
GCA_003142095.1_20120700_S3X_genomic	58
GCA_003153875.1_20120700_E3M_genomic	230
GCA_003138935.1_20110800_S1M_genomic	69
GCA_003166835.1_20110700_P3M_genomic	56
GCA_003133065.1_20111000_S3S_genomic	102
GCA_003156495.1_20120600_S1D_genomic	105
GCA_003134685.1_20111000_P3M_genomic	100
GCA_003151435.1_20120700_P3D_genomic	266
GCA_003134755.1_20111000_P3M_genomic	101
GCA_003161875.1_20100900_E3D_genomic	23
GCA_003162215.1_20100900_E1D_genomic	142
GCA_003157415.1_20120600_E2D_genomic	38
GCA_003142515.1_20120800_E2X_genomic	77
GCA_003166995.1_20110700_P2S_genomic	75
GCA_003138355.1_20110800_S3D_genomic	89
GCA_003155895.1_20120700_E1D_genomic	221
GCA_003164875.1_20120700_P3M_genomic	98
GCA_003164635.1_20120700_S1D_genomic	178
GCA_003164015.1_20120700_S1M_genomic	44
GCA_003131465.1_20120500_P35_genomic	127
GCA_003162455.1_20110600_P1M_genomic	61
GCA_003155255.1_20120600_S2S_genomic	44
GCA_003162745.1_20100900_E1D_genomic	30
GCA_003164235.1_20120700_S1D_genomic	24
GCA_003136295.1_20111000_P1M_genomic	59
GCA_003167635.1_20110700_P1D_genomic	123
GCA_003135635.1_20111000_P3M_genomic	19
GCA_003134175.1_20111000_S3D_genomic	44
GCA_003166495.1_20110700_S2D_genomic	60
GCA_003140495.1_20120800_S1M_genomic	83
GCA_003152675.1_20120700_P1D_genomic	45
GCA_003159055.1_20120600_E1D_genomic	150
GCA_003169655.1_20110800_P1M_genomic	58
GCA_003168175.1_20110700_P2D_genomic	77
GCA_003133935.1_20111000_S3D_genomic	86
GCA_003165505.1_20110800_E1D_genomic	45
GCA_003167555.1_20110700_P1D_genomic	118
GCA_003155935.1_20120600_S3D_genomic	44
GCA_003152515.1_20120700_P2D_genomic	83
GCA_003167655.1_20110700_S3M_genomic	256
GCA_003161155.1_20110600_S1D_genomic	53
GCA_003154505.1_20120700_E2X_genomic	85
GCA_003168155.1_20110700_P2D_genomic	37
GCA_003166415.1_20110700_S2D_genomic	145
GCA_003158585.1_20120600_E2D_genomic	116
GCA_003141515.1_20120800_E3S_genomic	52
GCA_003162515.1_20110600_P1M_genomic	108
GCA_003151415.1_20120700_P3D_genomic	83
GCA_003139655.1_20110800_P1M_genomic	123
GCA_003151495.1_20120700_P3D_genomic	199
GCA_003161035.1_20110600_S1D_genomic	81
GCA_003153935.1_20120700_E3M_genomic	67
GCA_003139895.1_20110800_S2D_genomic	53
GCA_003164105.1_20120700_S1D_genomic	80
GCA_003169035.1_20110600_S2D_genomic	124
GCA_003162895.1_20120800_S3X_genomic	204
GCA_003158055.1_20120600_S2M_genomic	44
GCA_003168845.1_20110600_S3D_genomic	55
GCA_003158745.1_20120600_E1D_genomic	78
GCA_003151515.1_20120700_P3D_genomic	178
GCA_003134955.1_20111000_P3D_genomic	97
GCA_003133405.1_20120500_P26_genomic	37
GCA_003154635.1_20120700_E2X_genomic	55
GCA_003141895.1_20120800_E1X_genomic	148
GCA_003159435.1_20120700_S3D_genomic	11
GCA_003141775.1_20120800_E2D_genomic	29
GCA_003168395.1_20110700_E3M_genomic	35
GCA_003141555.1_20120800_E2X_genomic	153
GCA_003168115.1_20110700_P2D_genomic	111
GCA_003161455.1_20110600_P3S_genomic	120
GCA_003161105.1_20110600_S1D_genomic	109
GCA_003131385.1_20120500_P37_genomic	114
GCA_003161415.1_20110600_S1D_genomic	141
GCA_003157385.1_20120600_E2D_genomic	56
GCA_003157355.1_20120600_E3D_genomic	34
GCA_003165395.1_20120700_S1D_genomic	71
GCA_003165495.1_20110600_P1M_genomic	48
GCA_003168295.1_20110700_P1S_genomic	173
GCA_003133745.1_20120500_P13_genomic	74
GCA_003152815.1_20120700_E3M_genomic	33
GCA_003153795.1_20120700_E3M_genomic	161
GCA_003170635.1_20110800_E2M_genomic	22
GCA_003155495.1_20120700_E2X_genomic	156
GCA_003151895.1_20120700_P3D_genomic	73
GCA_003153585.1_20120700_P2S_genomic	55
GCA_003165435.1_20120700_S1D_genomic	103
GCA_003156095.1_20120600_S2M_genomic	20
GCA_003133385.1_20120500_P26_genomic	38
GCA_003158895.1_20120600_E1D_genomic	95
GCA_003169515.1_20110600_S2D_genomic	55
GCA_003133155.1_20120500_P32_genomic	85
GCA_003168795.1_20110600_S3M_genomic	26
GCA_003141155.1_20120800_P3M_genomic	101
GCA_003168515.1_20110700_E1M_genomic	25
GCA_003134555.1_20111000_P3M_genomic	91
GCA_003162995.1_20120800_S3M_genomic	82
GCA_003162935.1_20120800_S3M_genomic	93
GCA_003152145.1_20120700_P3D_genomic	262
GCA_003159615.1_20120700_S3D_genomic	65
GCA_003132285.1_20120500_P26_genomic	89
GCA_003152695.1_20120700_P1D_genomic	101
GCA_003170085.1_20110800_E3D_genomic	221
GCA_003166155.1_20110700_S2M_genomic	94
GCA_003160075.1_20120700_S2S_genomic	21
GCA_003155755.1_20120700_E2D_genomic	27
GCA_003153695.1_20120700_E3X_genomic	108
GCA_003133835.1_20111000_S3M_genomic	76
GCA_003171035.1_20110800_E1D_genomic	75
GCA_003157135.1_20120600_E3D_genomic	160
GCA_003134035.1_20111000_S2S_genomic	107
GCA_003142815.1_20120800_E1X_genomic	61
GCA_003163115.1_20120800_S3D_genomic	124
GCA_003133685.1_20120500_P17_genomic	38
GCA_003165415.1_20120700_S1D_genomic	70
GCA_003158655.1_20120600_E1D_genomic	314
GCA_003167455.1_20110700_P2D_genomic	57
GCA_003141755.1_20120800_E2D_genomic	209
GCA_003151425.1_20120700_P3D_genomic	117
GCA_003132605.1_20120500_P19_genomic	29
GCA_003160055.1_20120700_S2X_genomic	86
GCA_003151695.1_20120700_P3D_genomic	92
GCA_003152285.1_20120700_P3D_genomic	150
GCA_003165795.1_20110700_S3M_genomic	132
GCA_003170275.1_20110800_P1D_genomic	172
GCA_003159065.1_20120600_E1D_genomic	278
GCA_003139515.1_20110800_P2D_genomic	64
GCA_003160855.1_20120700_E2X_genomic	229
GCA_003171175.1_20110800_E3D_genomic	68
GCA_003161915.1_20100900_E3D_genomic	107
GCA_003165315.1_20120700_S1D_genomic	262
GCA_003157575.1_20120600_E2D_genomic	143
GCA_003131245.1_20120500_P39_genomic	88
GCA_003136615.1_20110800_S3S_genomic	50
GCA_003151815.1_20120700_P3D_genomic	69
GCA_003170875.1_20110800_E2D_genomic	64
GCA_003171315.1_20110800_E2D_genomic	120
GCA_003139435.1_20110800_P3S_genomic	100
GCA_003139995.1_20110800_S1M_genomic	183
GCA_003154795.1_20120700_E1S_genomic	148
GCA_003170775.1_20110800_E2M_genomic	33
GCA_003155385.1_20120700_E3M_genomic	17
GCA_003135085.1_20111000_P2M_genomic	79
GCA_003162245.1_20100900_E1D_genomic	137
GCA_003152735.1_20120700_E3M_genomic	42
GCA_003136775.1_20110800_S3M_genomic	181
GCA_003169235.1_20110600_S1M_genomic	79
GCA_003158075.1_20120600_S1S_genomic	64
GCA_003169455.1_20110600_S2M_genomic	41
GCA_003163275.1_20120800_S2X_genomic	92
GCA_003156175.1_20120600_S2D_genomic	132
GCA_003141615.1_20120800_E2X_genomic	84
GCA_003154715.1_20120700_E2D_genomic	39
GCA_003132785.1_20120500_P16_genomic	31
GCA_003131885.1_20120500_P34_genomic	92
GCA_003158705.1_20120600_E1D_genomic	22
GCA_003156955.1_20120600_E3M_genomic	25
GCA_003142955.1_20120800_E1D_genomic	185
GCA_003139055.1_20110800_S1M_genomic	43
GCA_003157695.1_20120600_E2D_genomic	48
GCA_003155555.1_20120700_E2X_genomic	70
GCA_003153375.1_20120700_P3D_genomic	127
GCA_003170235.1_20110800_P1M_genomic	62
GCA_003142635.1_20120800_E2X_genomic	54
GCA_003163955.1_20120700_S1M_genomic	57
GCA_003167275.1_20110700_P2D_genomic	381
GCA_003136275.1_20111000_P1S_genomic	126
GCA_003157435.1_20120600_E2D_genomic	60
GCA_003163595.1_20120800_S2X_genomic	23
GCA_003161535.1_20110600_P1M_genomic	32
GCA_003163235.1_20120800_S2X_genomic	236
GCA_003136395.1_20111000_P1D_genomic	74
GCA_003135835.1_20120500_P38_genomic	91
GCA_003156535.1_20120600_S1D_genomic	221
GCA_003140655.1_20120800_P2M_genomic	89
GCA_003166255.1_20110700_S2M_genomic	40
GCA_003139545.1_20110800_P2D_genomic	81
GCA_003164375.1_20120700_S1D_genomic	76
GCA_003133645.1_20120500_P19_genomic	75
GCA_003160255.1_20120700_S1X_genomic	68
GCA_003154115.1_20120700_E3M_genomic	182
GCA_003164515.1_20120700_S1D_genomic	70
GCA_003132685.1_20120500_P17_genomic	80
GCA_003132765.1_20120500_P16_genomic	130
GCA_003153535.1_20120700_P3D_genomic	77
GCA_003141135.1_20120800_P3M_genomic	84
GCA_003158025.1_20120600_S2M_genomic	93
GCA_003163755.1_20120800_S1X_genomic	53
GCA_003134255.1_20111000_S2M_genomic	45
GCA_003156135.1_20120600_S2M_genomic	71
GCA_003163835.1_20120800_S1M_genomic	190
GCA_003142155.1_20120700_S3X_genomic	98
GCA_003167215.1_20110700_P2M_genomic	62
GCA_003135215.1_20111000_S2D_genomic	40
GCA_003139375.1_20110800_P3S_genomic	82
GCA_003151235.1_20120700_P3D_genomic	84
GCA_003170115.1_20110800_E3D_genomic	72
GCA_003159355.1_20120700_S3X_genomic	119
GCA_003139315.1_20110800_S1D_genomic	57
GCA_003167515.1_20110700_P1M_genomic	151
GCA_003131425.1_20120500_P36_genomic	92
GCA_003156695.1_20120600_P3D_genomic	67
GCA_003153915.1_20120700_E3M_genomic	122
GCA_003153355.1_20120700_P3D_genomic	29
GCA_003141015.1_20120800_S1D_genomic	169
GCA_003168535.1_20110700_E1D_genomic	38
GCA_003170935.1_20110800_E2D_genomic	44
GCA_003134495.1_20111000_S1D_genomic	66
GCA_003162015.1_20100900_E2S_genomic	175
GCA_003139595.1_20110800_P2D_genomic	40
GCA_003133665.1_20120500_P19_genomic	51
GCA_003138485.1_20110800_S3D_genomic	166
GCA_003154015.1_20120700_E3M_genomic	103
GCA_003169845.1_20110800_P1D_genomic	90
GCA_003133145.1_20111000_S3M_genomic	116
GCA_003162335.1_20100900_E1D_genomic	51
GCA_003136915.1_20111000_P1M_genomic	112
GCA_003132745.1_20120500_P16_genomic	102
GCA_003169635.1_20110600_S1S_genomic	45
GCA_003157295.1_20120600_E3D_genomic	44
GCA_003139715.1_20110800_S3D_genomic	22
GCA_003151215.1_20120700_P3D_genomic	49
GCA_003140425.1_20110800_S1D_genomic	43
GCA_003164815.1_20120700_S1D_genomic	41
GCA_003132205.1_20120500_P27_genomic	57
GCA_003167975.1_20110700_P3S_genomic	62
GCA_003151745.1_20120700_P3D_genomic	84
GCA_003135755.1_20111000_P2S_genomic	123
GCA_003170895.1_20110800_E2D_genomic	23
GCA_003158255.1_20120600_E3D_genomic	64
GCA_003152315.1_20120700_P3D_genomic	227
GCA_003140095.1_20110800_P3S_genomic	224
GCA_003136895.1_20111000_P1M_genomic	75
GCA_003136495.1_20110800_S3S_genomic	26
GCA_003156345.1_20120600_S2D_genomic	63
GCA_003139255.1_20110800_S1D_genomic	85
GCA_003163915.1_20120700_S1S_genomic	82
GCA_003132705.1_20120500_P17_genomic	36
GCA_003138365.1_20110800_S3D_genomic	191
GCA_003138155.1_20110800_S3M_genomic	165
GCA_003131765.1_20120500_P36_genomic	106
GCA_003165255.1_20120700_S1D_genomic	42
GCA_003167755.1_20110700_S2D_genomic	59
GCA_003156035.1_20120600_S2M_genomic	52
GCA_003142015.1_20120800_E1D_genomic	101
GCA_003170915.1_20110800_E2D_genomic	211
GCA_003158495.1_20120600_E2D_genomic	82
GCA_003158885.1_20120600_E1D_genomic	64
GCA_003135395.1_20111000_P3M_genomic	60
GCA_003154725.1_20120700_E1X_genomic	146
GCA_003152055.1_20120700_P3D_genomic	53
GCA_003131925.1_20120500_P32_genomic	76
GCA_003164715.1_20120700_S1D_genomic	215
GCA_003156025.1_20120600_S2M_genomic	102
GCA_003152365.1_20120700_P3D_genomic	111
GCA_003134235.1_20111000_S2M_genomic	84
GCA_003132365.1_20120500_P25_genomic	302
GCA_003158815.1_20120600_E1D_genomic	56
GCA_003162675.1_20100900_E2D_genomic	54
GCA_003141175.1_20120800_P2D_genomic	86
GCA_003153955.1_20120700_E3M_genomic	47
GCA_003135495.1_20111000_P3M_genomic	117
GCA_003138715.1_20110800_S2M_genomic	59
GCA_003154225.1_20120700_E3M_genomic	41
GCA_003159895.1_20120700_S3D_genomic	131
GCA_003170035.1_20110800_E3M_genomic	218
GCA_003154375.1_20120700_E2X_genomic	21
GCA_003158965.1_20120600_E1D_genomic	128
GCA_003157975.1_20120600_S2M_genomic	44
GCA_003152095.1_20120700_P3D_genomic	68
GCA_003135355.1_20111000_S1D_genomic	26
GCA_003131685.1_20120500_P32_genomic	76
GCA_003136815.1_20111000_P2D_genomic	243
GCA_003161575.1_20110600_P1M_genomic	85
GCA_003159015.1_20120600_E1D_genomic	240
GCA_003134505.1_20111000_P3M_genomic	75
GCA_003167155.1_20110700_P2M_genomic	76
GCA_003162595.1_20100900_E3D_genomic	164
GCA_003133525.1_20120500_P24_genomic	63
GCA_003171295.1_20110800_E2D_genomic	289
GCA_003134275.1_20111000_S2M_genomic	93
GCA_003158315.1_20120600_E3D_genomic	71
GCA_003170195.1_20110800_P1M_genomic	56
GCA_003168315.1_20110700_P1M_genomic	116
GCA_003156565.1_20120600_S1D_genomic	114
GCA_003131275.1_20120500_P38_genomic	41
GCA_003170855.1_20110800_E2D_genomic	90
GCA_003169695.1_20110800_P1D_genomic	109
GCA_003159495.1_20120700_S3D_genomic	102
GCA_003168715.1_20110600_S3M_genomic	298
GCA_003161335.1_20110600_S1D_genomic	120
GCA_003163715.1_20120800_S2D_genomic	125
GCA_003160975.1_20110600_S1M_genomic	76
GCA_003170015.1_20110800_E3M_genomic	158
GCA_003142935.1_20120800_E1D_genomic	211
GCA_003160025.1_20120700_S2X_genomic	112
GCA_003169915.1_20110800_P1D_genomic	73
GCA_003166355.1_20110700_S2D_genomic	58
GCA_003159575.1_20120700_S3D_genomic	112
GCA_003135855.1_20111000_P3M_genomic	89
GCA_003133765.1_20111000_S3S_genomic	46
GCA_003151115.1_20120700_P3D_genomic	78
GCA_003142035.1_20120800_E1D_genomic	65
GCA_003167055.1_20110700_P2S_genomic	61
GCA_003169085.1_20110600_S2D_genomic	42
GCA_003134435.1_20111000_S1D_genomic	169
GCA_003138975.1_20110800_S1M_genomic	124
GCA_003164735.1_20120700_S1D_genomic	144
GCA_003171275.1_20110800_E2D_genomic	176
GCA_003134395.1_20111000_S1M_genomic	26
GCA_003136995.1_20111000_E3D_genomic	190
GCA_003140575.1_20120800_S1D_genomic	167
GCA_003138435.1_20110800_S3D_genomic	103
GCA_003156895.1_20120600_E3M_genomic	57
GCA_003160295.1_20120700_S1X_genomic	66
GCA_003165595.1_20120800_E1D_genomic	241
GCA_003140785.1_20120800_P1D_genomic	185
GCA_003133005.1_20111000_S3S_genomic	27
GCA_003157895.1_20120600_E1D_genomic	19
GCA_003131315.1_20120500_P39_genomic	145
GCA_003141835.1_20120800_E1X_genomic	85
GCA_003151625.1_20120700_P3D_genomic	36
GCA_003151875.1_20120700_P3D_genomic	84
GCA_003163255.1_20120800_S2S_genomic	102
GCA_003161075.1_20110600_S1D_genomic	196
GCA_003153675.1_20120700_P1S_genomic	82
GCA_003134605.1_20111000_P3M_genomic	72
GCA_003170575.1_20110800_E3D_genomic	29
GCA_003170695.1_20110800_E2M_genomic	60
GCA_003139615.1_20110800_P1S_genomic	79
GCA_003163795.1_20120800_S1M_genomic	86
GCA_003165975.1_20110700_S3M_genomic	104
GCA_003156055.1_20120600_S2M_genomic	33
GCA_003140255.1_20110800_P1M_genomic	109
GCA_003158635.1_20120600_E2D_genomic	37
GCA_003161635.1_20110600_P1D_genomic	223
GCA_003142315.1_20120800_E3S_genomic	71
GCA_003133075.1_20111000_S3S_genomic	26
GCA_003131525.1_20120500_P35_genomic	92
GCA_003162255.1_20100900_E1D_genomic	211
GCA_003140375.1_20110800_P1M_genomic	145
GCA_003140755.1_20120800_P2D_genomic	186
GCA_003157155.1_20120600_E3D_genomic	117
GCA_003138215.1_20110800_S3M_genomic	207
GCA_003157945.1_20120600_S2M_genomic	59
GCA_003165005.1_20120700_S1D_genomic	132
GCA_003164335.1_20120700_S1D_genomic	162
GCA_003164395.1_20120700_S1D_genomic	181
GCA_003168935.1_20110600_S2S_genomic	115
GCA_003164895.1_20120700_P3D_genomic	84
GCA_003141975.1_20120800_E1D_genomic	170
GCA_003156255.1_20120600_S2D_genomic	30
GCA_003166115.1_20110700_S2M_genomic	170
GCA_003167715.1_20110700_S3M_genomic	48
GCA_003166555.1_20110700_S2D_genomic	61
GCA_003163075.1_20120800_S3D_genomic	45
GCA_003159035.1_20120600_E1D_genomic	63
GCA_003160575.1_20120700_S1X_genomic	21
GCA_003161895.1_20100900_E3D_genomic	179
GCA_003166975.1_20110700_P3D_genomic	170
GCA_003169205.1_20110600_S1M_genomic	44
GCA_003164565.1_20120700_S1D_genomic	174
GCA_003167615.1_20110700_P1D_genomic	83
GCA_003136035.1_20110800_S2S_genomic	236
GCA_003139495.1_20110800_P2D_genomic	155
GCA_003170795.1_20110800_E2D_genomic	34
GCA_003166385.1_20110700_S2D_genomic	102
GCA_003154025.1_20120700_E3M_genomic	83
GCA_003158875.1_20120600_E1D_genomic	56
GCA_003159455.1_20120700_S3D_genomic	139
GCA_003135475.1_20111000_P3M_genomic	93
GCA_003163775.1_20120800_S1S_genomic	29
GCA_003164755.1_20120700_S1D_genomic	49
GCA_003171015.1_20110800_E1M_genomic	40
GCA_003166855.1_20110700_P3D_genomic	199
GCA_003159795.1_20120700_S3D_genomic	51
GCA_003166455.1_20110700_S2D_genomic	46
GCA_003136535.1_20110800_S3S_genomic	30
GCA_003140115.1_20110800_P3S_genomic	159
GCA_003152275.1_20120700_P3D_genomic	89
GCA_003167835.1_20110700_S1M_genomic	43
GCA_003153835.1_20120700_E3M_genomic	20
GCA_003132125.1_20120500_P28_genomic	69
GCA_003170155.1_20110800_E3D_genomic	57
GCA_003138845.1_20110800_S1S_genomic	125
GCA_003162655.1_20100900_E2S_genomic	26
GCA_003132305.1_20120500_P26_genomic	43
GCA_003162415.1_20110600_P1M_genomic	68
GCA_003154555.1_20120700_E2X_genomic	69
GCA_003158455.1_20120600_E2D_genomic	305
GCA_003138135.1_20110800_S3M_genomic	65
GCA_003136335.1_20111000_P1M_genomic	124
GCA_003155705.1_20120700_E2X_genomic	158
GCA_003166915.1_20110700_P3D_genomic	65
GCA_003166675.1_20110700_S1M_genomic	106
GCA_003164355.1_20120700_S1D_genomic	30
GCA_003139035.1_20110800_S1M_genomic	120
GCA_003151855.1_20120700_P3D_genomic	197
GCA_003142255.1_20120800_E3X_genomic	224
GCA_003168235.1_20110700_P1S_genomic	75
GCA_003157305.1_20120600_E3D_genomic	36
GCA_003171435.1_20110800_E1D_genomic	208
GCA_003162965.1_20120800_S3M_genomic	44
GCA_003140275.1_20110800_P1M_genomic	144
GCA_003157915.1_20120600_E1D_genomic	16
GCA_003141635.1_20120800_E2X_genomic	25
GCA_003167495.1_20110700_P1S_genomic	258
GCA_003170455.1_20110800_E3D_genomic	54
GCA_003166955.1_20110700_P3D_genomic	188
GCA_003131365.1_20120500_P37_genomic	80
GCA_003162735.1_20100900_E1D_genomic	196
GCA_003139355.1_20110800_S1D_genomic	63
GCA_003156395.1_20120600_S1S_genomic	33
GCA_003142535.1_20120800_E2X_genomic	70
GCA_003157655.1_20120600_E2D_genomic	92
GCA_003133425.1_20120500_P26_genomic	282
GCA_003169195.1_20110600_S1S_genomic	220
GCA_003154935.1_20120600_S3M_genomic	114
GCA_003141095.1_20120800_S1D_genomic	40
GCA_003141275.1_20120800_E3X_genomic	150
GCA_003171195.1_20110800_E2M_genomic	180
GCA_003135035.1_20111000_P2M_genomic	36
GCA_003131625.1_20120500_P32_genomic	182
GCA_003157215.1_20120600_E3D_genomic	66
GCA_003163175.1_20120800_S2X_genomic	77
GCA_003163055.1_20120800_S3D_genomic	249
GCA_003138255.1_20110800_S3M_genomic	139
GCA_003133045.1_20111000_S3S_genomic	18
GCA_003162175.1_20100900_E2D_genomic	39
GCA_003163505.1_20120800_S3X_genomic	180
GCA_003158395.1_20120600_E3D_genomic	224
GCA_003159315.1_20120700_S3X_genomic	39
GCA_003154965.1_20120600_S3M_genomic	27
GCA_003157615.1_20120600_E2D_genomic	73
GCA_003161495.1_20110600_P1M_genomic	68
GCA_003136955.1_20111000_P1D_genomic	34
GCA_003141385.1_20120800_E3S_genomic	28
GCA_003139735.1_20110800_S3D_genomic	261
GCA_003136355.1_20111000_P1M_genomic	76
GCA_003163995.1_20120700_S1M_genomic	106
GCA_003131785.1_20120500_P36_genomic	65
GCA_003171065.1_20110800_E1D_genomic	62
GCA_003158295.1_20120600_E3D_genomic	70
GCA_003169535.1_20110600_S2D_genomic	113
GCA_003154855.1_20120700_E1D_genomic	179
GCA_003142875.1_20120800_E1D_genomic	42
GCA_003142185.1_20120700_S3X_genomic	247
GCA_003142455.1_20120800_E3D_genomic	99
GCA_003157015.1_20120600_E3D_genomic	219
GCA_003133465.1_20120500_P24_genomic	214
GCA_003157795.1_20120600_E1D_genomic	123
GCA_003156355.1_20120600_S2D_genomic	43
GCA_003156475.1_20120600_S1M_genomic	112
GCA_003142595.1_20120800_E2X_genomic	109
GCA_003152325.1_20120700_P3D_genomic	227
GCA_003159325.1_20120700_S3X_genomic	237
GCA_003157875.1_20120600_E1D_genomic	72
GCA_003141335.1_20120800_E3X_genomic	13
GCA_003169175.1_20110600_S2D_genomic	65
GCA_003170215.1_20110800_P1M_genomic	104
GCA_003135135.1_20111000_P2D_genomic	77
GCA_003138775.1_20110800_S2D_genomic	34
GCA_003140135.1_20110800_P3M_genomic	71
GCA_003141955.1_20120800_E1D_genomic	52
GCA_003136135.1_20120600_E3D_genomic	209
GCA_003170315.1_20110800_P1D_genomic	44
GCA_003159945.1_20120700_S2X_genomic	185
GCA_003158435.1_20120600_E3D_genomic	58
GCA_003169895.1_20110800_P1D_genomic	92
GCA_003152015.1_20120700_P3D_genomic	66
GCA_003133585.1_20120500_P22_genomic	159
GCA_003170325.1_20110800_E3D_genomic	16
GCA_003157095.1_20120600_E3D_genomic	75
GCA_003132105.1_20120500_P28_genomic	44
GCA_003165755.1_20110700_S3M_genomic	177
GCA_003153635.1_20120700_P2D_genomic	183
GCA_003166235.1_20110700_S2M_genomic	86
GCA_003142335.1_20120800_E3S_genomic	170
GCA_003171115.1_20110800_E3D_genomic	93
GCA_003153335.1_20120700_P3D_genomic	74
GCA_003167475.1_20110700_P2D_genomic	97
GCA_003132965.1_20120500_P12_genomic	75
GCA_003170975.1_20110800_E1M_genomic	23
GCA_003165115.1_20120700_S1D_genomic	79
GCA_003165675.1_20110600_E2D_genomic	48
GCA_003153295.1_20120700_P3D_genomic	48
GCA_003166575.1_20110700_S1M_genomic	214
GCA_003165935.1_20110700_S3M_genomic	199
GCA_003155135.1_20120600_S3D_genomic	72
GCA_003134335.1_20111000_S2D_genomic	79
GCA_003160615.1_20120700_E2X_genomic	161
GCA_003138555.1_20110800_S3D_genomic	186
GCA_003155535.1_20120700_E2X_genomic	168
GCA_003133325.1_20120500_P27_genomic	82
GCA_003135315.1_20111000_S1D_genomic	88
GCA_003164175.1_20120700_S1D_genomic	109
GCA_003171095.1_20110800_E1D_genomic	259
GCA_003155355.1_20120700_E3M_genomic	74
GCA_003141475.1_20120800_E3S_genomic	185
GCA_003132885.1_20120500_P14_genomic	51
GCA_003153725.1_20120700_E3M_genomic	158
GCA_003162365.1_20100900_E1D_genomic	39
GCA_003135695.1_20111000_P3D_genomic	30
GCA_003154195.1_20120700_E3M_genomic	80
GCA_003140665.1_20120800_P2M_genomic	179
GCA_003154955.1_20120600_S3M_genomic	53
GCA_003153895.1_20120700_E3M_genomic	17
GCA_003134355.1_20111000_S2D_genomic	207
GCA_003158835.1_20120600_E1D_genomic	111
GCA_003162235.1_20100900_E1D_genomic	52
GCA_003152105.1_20120700_P3D_genomic	67
GCA_003167415.1_20110700_P2D_genomic	50
GCA_003154675.1_20120700_E2X_genomic	139
GCA_003141035.1_20120800_S1D_genomic	20
GCA_003160115.1_20120700_S2M_genomic	28
GCA_003159285.1_20120500_P39_genomic	57
GCA_003138615.1_20110800_S2S_genomic	29
GCA_003165055.1_20120700_S1D_genomic	59
GCA_003135995.1_20100900_E2D_genomic	97
GCA_003154705.1_20120700_E2D_genomic	20
GCA_003142045.1_20120800_E1D_genomic	37
GCA_003164275.1_20120700_S1D_genomic	107
GCA_003167875.1_20110700_S1D_genomic	106
GCA_003170375.1_20110800_E3D_genomic	41
GCA_003135155.1_20111000_S2D_genomic	105
GCA_003159995.1_20120700_S3D_genomic	123
GCA_003139875.1_20110800_S2D_genomic	181
GCA_003142915.1_20120800_E1D_genomic	140
GCA_003154475.1_20120700_E2X_genomic	43
GCA_003163675.1_20120800_S2D_genomic	81
GCA_003164555.1_20120700_S1D_genomic	50
GCA_003152955.1_20120700_E3M_genomic	41
GCA_003168405.1_20110700_E2M_genomic	43
GCA_003151735.1_20120700_P3D_genomic	93
GCA_003140595.1_20120800_S1D_genomic	83
GCA_003141195.1_20120800_E3X_genomic	48
GCA_003154645.1_20120700_E2X_genomic	72
GCA_003167335.1_20110700_P2D_genomic	71
GCA_003140705.1_20120800_P2M_genomic	206
GCA_003136315.1_20111000_P1S_genomic	161
GCA_003170655.1_20110800_E2M_genomic	55
GCA_003153475.1_20120700_P3D_genomic	75
GCA_003137095.1_20110800_S3S_genomic	122
GCA_003142835.1_20120800_E1X_genomic	37
GCA_003142735.1_20120800_E2D_genomic	73
GCA_003165215.1_20120700_S1D_genomic	171
GCA_003162055.1_20100900_E3D_genomic	63
GCA_003133225.1_20120500_P28_genomic	71
GCA_003160345.1_20120700_S1X_genomic	261
GCA_003151295.1_20120700_P3D_genomic	191
GCA_003142495.1_20120800_E2X_genomic	69
GCA_003162565.1_20100900_E3D_genomic	49
GCA_003167095.1_20110700_P2M_genomic	118
GCA_003162355.1_20100900_E1D_genomic	59
GCA_003162475.1_20110600_P1M_genomic	53
GCA_003162855.1_20120800_S3X_genomic	63
GCA_003161755.1_20100900_E3S_genomic	130
GCA_003135055.1_20111000_P2M_genomic	262
GCA_003141375.1_20120800_E3S_genomic	42
GCA_003134295.1_20111000_S2D_genomic	176
GCA_003156655.1_20120600_P3M_genomic	96
GCA_003152645.1_20120700_P1D_genomic	171
GCA_003141695.1_20120800_E2D_genomic	85
GCA_003136655.1_20110800_S3S_genomic	85
GCA_003161205.1_20110600_P3S_genomic	113
GCA_003142135.1_20120700_S3X_genomic	190
GCA_003161715.1_20110600_E3D_genomic	67
GCA_003168775.1_20110600_S3M_genomic	85
GCA_003164825.1_20120700_P3S_genomic	94
GCA_003163855.1_20120700_S1S_genomic	248
GCA_003155195.1_20120600_S2S_genomic	31
GCA_003139395.1_20110800_P3S_genomic	170
GCA_003160385.1_20120700_S1X_genomic	183
GCA_003140315.1_20110800_P1M_genomic	80
GCA_003134015.1_20111000_S3D_genomic	138
GCA_003138995.1_20110800_S1M_genomic	171
GCA_003161975.1_20100900_E3D_genomic	159
GCA_003154255.1_20120700_E2X_genomic	148
GCA_003151935.1_20120700_P3D_genomic	69
GCA_003167435.1_20110700_P2D_genomic	72
GCA_003154895.1_20120600_S3S_genomic	70
GCA_003141415.1_20120800_E3S_genomic	222
GCA_003155335.1_20120700_E3M_genomic	103
GCA_003138275.1_20110800_S3D_genomic	69
GCA_003161135.1_20110600_S1D_genomic	30
GCA_003138955.1_20110800_S1M_genomic	90
GCA_003160185.1_20120700_S2D_genomic	232
GCA_003163295.1_20120800_S2S_genomic	29
GCA_003138525.1_20110800_S3D_genomic	68
GCA_003160215.1_20120700_S1X_genomic	110
GCA_003168195.1_20110700_P1S_genomic	147
GCA_003135335.1_20111000_S1D_genomic	94
GCA_003165235.1_20120700_S1D_genomic	135
GCA_003167915.1_20110700_S1D_genomic	90
GCA_003160495.1_20120700_S2M_genomic	107
GCA_003131725.1_20120500_P37_genomic	92
GCA_003136715.1_20110800_S3M_genomic	91
GCA_003163035.1_20120800_S3D_genomic	88
GCA_003132445.1_20120500_P24_genomic	153
GCA_003135655.1_20111000_P3D_genomic	47
GCA_003154215.1_20120700_E3M_genomic	170
GCA_003133565.1_20120500_P22_genomic	100
GCA_003152195.1_20120700_P3D_genomic	227
GCA_003140035.1_20110800_S1D_genomic	187
GCA_003135555.1_20111000_P3M_genomic	81
GCA_003157495.1_20120600_E2D_genomic	258
GCA_003142885.1_20120800_E1D_genomic	142
GCA_003169835.1_20110800_P1D_genomic	53
GCA_003131745.1_20120500_P36_genomic	82
GCA_003160875.1_20110600_S1M_genomic	168
GCA_003142755.1_20120800_E2D_genomic	84
GCA_003163435.1_20120800_S1X_genomic	181
GCA_003169555.1_20110600_S2D_genomic	91
GCA_003140195.1_20110800_P1S_genomic	99
GCA_003131445.1_20120500_P36_genomic	107
GCA_003141915.1_20120800_E1D_genomic	65
GCA_003151595.1_20120700_P3D_genomic	138
GCA_003136555.1_20110800_S3S_genomic	168
GCA_003159155.1_20120500_P39_genomic	33
GCA_003157235.1_20120600_E3D_genomic	44
GCA_003138335.1_20110800_S3M_genomic	47
GCA_003160895.1_20110600_S1M_genomic	86
GCA_003135275.1_20111000_S1D_genomic	103
GCA_003166175.1_20110700_S2M_genomic	180
GCA_003133445.1_20120500_P25_genomic	101
GCA_003165875.1_20110700_S3M_genomic	86
GCA_003191745.1_ASM319174v1_genomic	340
GCA_003151705.1_20120700_P3D_genomic	85
GCA_003164475.1_20120700_S1D_genomic	87
GCA_003140995.1_20120800_S1M_genomic	109
GCA_003166205.1_20110700_S2M_genomic	82
GCA_003161955.1_20100900_E3D_genomic	144
GCA_003134315.1_20111000_S2D_genomic	28
GCA_003166935.1_20110700_P3D_genomic	160
GCA_003140875.1_20120800_E3X_genomic	111
GCA_003162315.1_20100900_E1D_genomic	66
GCA_003165095.1_20120700_S1D_genomic	173
GCA_003133345.1_20120500_P27_genomic	45
GCA_003132845.1_20120500_P14_genomic	156
GCA_003159445.1_20120700_S3D_genomic	52
GCA_003155155.1_20120600_S3D_genomic	114
GCA_003155275.1_20120700_E3M_genomic	56
GCA_003169975.1_20110800_P1D_genomic	123
GCA_003154995.1_20120600_S3M_genomic	76
GCA_003141115.1_20120800_S1D_genomic	129
GCA_003134675.1_20111000_P3M_genomic	25
GCA_003152715.1_20120700_E3X_genomic	53
GCA_003169605.1_20110600_S1S_genomic	102
GCA_003160595.1_20120700_S1X_genomic	106
GCA_003134965.1_20111000_P3D_genomic	92
GCA_003157115.1_20120600_E3D_genomic	30
GCA_003160415.1_20120700_S1X_genomic	91
GCA_003157075.1_20120600_E3D_genomic	293
GCA_003133975.1_20111000_S3D_genomic	74
GCA_003151275.1_20120700_P3D_genomic	160
GCA_003156215.1_20120600_S2D_genomic	82
GCA_003142235.1_20120700_S3X_genomic	109
GCA_003151335.1_20120700_P3D_genomic	100
GCA_003134095.1_20111000_S2M_genomic	76
GCA_003169155.1_20110600_S1S_genomic	29
GCA_003139835.1_20110800_S2M_genomic	104
GCA_003141715.1_20120800_E2D_genomic	153
GCA_003166435.1_20110700_S2D_genomic	172
GCA_003132825.1_20120500_P15_genomic	143
GCA_003153035.1_20120700_E3M_genomic	237
GCA_003153715.1_20120700_E3X_genomic	44
GCA_003133595.1_20120500_P22_genomic	125
GCA_003167375.1_20110700_P2D_genomic	293
GCA_003134475.1_20111000_S1D_genomic	84
GCA_003140005.1_20110800_S1D_genomic	83
GCA_003160265.1_20120700_S1X_genomic	32
GCA_003154095.1_20120700_E3M_genomic	264
GCA_003151955.1_20120700_P3D_genomic	117
GCA_003165775.1_20110700_S3M_genomic	234
GCA_003136115.1_20120600_P3S_genomic	113
GCA_003142775.1_20120800_E2D_genomic	24
GCA_003157445.1_20120600_E2D_genomic	51
GCA_003152605.1_20120700_P1M_genomic	116
GCA_003167805.1_20110700_S1M_genomic	85
GCA_003151535.1_20120700_P3D_genomic	34
GCA_003160375.1_20120700_S1X_genomic	46
GCA_003159775.1_20120700_S2X_genomic	67
GCA_003163535.1_20120800_S3M_genomic	180
GCA_003152975.1_20120700_E3M_genomic	163
GCA_003132725.1_20120500_P16_genomic	41
GCA_003140915.1_20120800_E3X_genomic	37
GCA_003158935.1_20120600_E1D_genomic	39
GCA_003133885.1_20111000_S3D_genomic	88
GCA_003164075.1_20120700_S1D_genomic	248
GCA_003162115.1_20100900_E2D_genomic	22
GCA_003169465.1_20110600_S2M_genomic	102
GCA_003152895.1_20120700_E3M_genomic	156
GCA_003135935.1_20110800_E3D_genomic	20
GCA_003132225.1_20120500_P26_genomic	68
GCA_003166625.1_20110700_S1M_genomic	41
GCA_003160635.1_20120700_P3D_genomic	102
GCA_003168995.1_20110600_S2D_genomic	230
GCA_003153775.1_20120700_E3M_genomic	45
GCA_003165075.1_20120700_S1D_genomic	249
GCA_003161275.1_20110600_P1M_genomic	133
GCA_003135915.1_20110800_E1S_genomic	9
GCA_003163575.1_20120800_S3D_genomic	100
GCA_003165895.1_20110700_S3M_genomic	120
GCA_003156515.1_20120600_S1D_genomic	44
GCA_003168585.1_20110600_S3M_genomic	70
GCA_003151985.1_20120700_P3D_genomic	270
GCA_003168475.1_20110700_E1S_genomic	46
GCA_003142575.1_20120800_E2X_genomic	120
GCA_003139335.1_20110800_S1D_genomic	79
GCA_003136855.1_20111000_P1S_genomic	122
GCA_003155655.1_20120700_E2X_genomic	175
GCA_003153655.1_20120700_P2D_genomic	230
GCA_003156785.1_20120600_P2M_genomic	128
GCA_003131965.1_20120500_P31_genomic	82
GCA_003134735.1_20111000_P3M_genomic	118
GCA_003156635.1_20120600_P3M_genomic	82
GCA_003159935.1_20120700_S3D_genomic	94
GCA_003134575.1_20111000_P3M_genomic	161
GCA_003134375.1_20111000_S2D_genomic	142
GCA_003159675.1_20120700_S2X_genomic	191
GCA_003139975.1_20110800_S1M_genomic	85
GCA_003133265.1_20120500_P28_genomic	59
GCA_003133815.1_20111000_S3M_genomic	141
GCA_003141675.1_20120800_E2D_genomic	94
GCA_003163315.1_20120800_S2M_genomic	135
GCA_003162295.1_20100900_E1D_genomic	68
GCA_003131565.1_20120500_P33_genomic	56
GCA_003133025.1_20111000_S3S_genomic	81
GCA_003152535.1_20120700_P2D_genomic	41
GCA_003162555.1_20100900_E3S_genomic	73
GCA_003139135.1_20110800_S1M_genomic	49
GCA_003159785.1_20120700_S3D_genomic	183
GCA_003161935.1_20100900_E3D_genomic	243
GCA_003167225.1_20110700_P2D_genomic	95
GCA_003162795.1_20120800_S3X_genomic	243
GCA_003154175.1_20120700_E3M_genomic	46
GCA_003140075.1_20110800_P3S_genomic	129
GCA_003165295.1_20120700_S1D_genomic	60
GCA_003139195.1_20110800_S1M_genomic	77
GCA_003159755.1_20120700_S3X_genomic	126
GCA_003134875.1_20111000_P3D_genomic	91
GCA_003135235.1_20111000_S2D_genomic	43
GCA_003152995.1_20120700_E3M_genomic	62
GCA_003154455.1_20120700_E2X_genomic	43
GCA_003165575.1_20120800_S2X_genomic	181
GCA_003132465.1_20120500_P23_genomic	89
GCA_003163495.1_20120800_S1S_genomic	28
GCA_003168835.1_20110600_S3D_genomic	44
GCA_003138415.1_20110800_S3D_genomic	90
GCA_003171235.1_20110800_E2D_genomic	91
GCA_003163875.1_20120700_S1S_genomic	39
GCA_003133725.1_20120500_P13_genomic	88
GCA_003142275.1_20120800_E3X_genomic	108
GCA_003139695.1_20110800_P1M_genomic	75
GCA_003140395.1_20120500_P13_genomic	96
GCA_003160505.1_20120700_S2D_genomic	74
GCA_003134855.1_20111000_P3D_genomic	151
GCA_003132405.1_20120500_P24_genomic	177
GCA_003135075.1_20111000_P2M_genomic	64
GCA_003132425.1_20120500_P24_genomic	63
GCA_003142175.1_20120700_S3X_genomic	45
GCA_003136255.1_20111000_P1S_genomic	158
GCA_003161995.1_20100900_E3D_genomic	56
GCA_003136475.1_20110800_S3S_genomic	46
GCA_003167015.1_20110700_P2S_genomic	194
GCA_003131605.1_20120500_P33_genomic	92
GCA_003134655.1_20111000_P3M_genomic	243
GCA_003162615.1_20100900_E3D_genomic	46
GCA_003135715.1_20111000_P3D_genomic	99
GCA_003163095.1_20120800_S3D_genomic	76
GCA_003131805.1_20120500_P36_genomic	84
GCA_003158215.1_20120600_P1M_genomic	46
GCA_003152215.1_20120700_P3D_genomic	48
GCA_003135295.1_20111000_S1D_genomic	43
GCA_003167075.1_20110700_P2M_genomic	114
GCA_003136075.1_20120700_E1X_genomic	14
GCA_003169275.1_20110600_S1M_genomic	109
GCA_003169015.1_20110600_S2D_genomic	92
GCA_003162095.1_20100900_E2D_genomic	189
GCA_003155075.1_20120600_S3D_genomic	82
GCA_003154595.1_20120700_E2X_genomic	58
GCA_003132805.1_20120500_P15_genomic	50
GCA_003153575.1_20120700_P3D_genomic	83
GCA_003152225.1_20120700_P3D_genomic	385
GCA_003158685.1_20120600_E1D_genomic	220
GCA_003133205.1_20120500_P28_genomic	311
GCA_003169495.1_20110600_S2D_genomic	88
GCA_003168875.1_20110600_S3D_genomic	150
GCA_003133105.1_20111000_S3M_genomic	27
GCA_003134195.1_20111000_S2S_genomic	29
GCA_003139165.1_20110800_S1M_genomic	297
GCA_003132905.1_20120500_P13_genomic	132
GCA_003138385.1_20110800_S3D_genomic	146
GCA_003168615.1_20110600_S3M_genomic	118
GCA_003156875.1_20120600_E3S_genomic	39
GCA_003156275.1_20120600_S2D_genomic	83
GCA_003164965.1_20120700_S1D_genomic	116
GCA_003138855.1_20110800_S2D_genomic	93
GCA_003157835.1_20120600_E1D_genomic	133
GCA_003164255.1_20120700_S1D_genomic	207
GCA_003154495.1_20120700_E2X_genomic	67
GCA_003156235.1_20120600_S2D_genomic	135
GCA_003132145.1_20120500_P28_genomic	131
GCA_003158125.1_20120600_S1D_genomic	176
GCA_003137115.1_20110800_S3S_genomic	20
GCA_003162695.1_20100900_E1D_genomic	140
GCA_003152555.1_20120700_P2D_genomic	46
GCA_003139915.1_20110800_S1S_genomic	34
GCA_003168555.1_20110600_S3S_genomic	24
GCA_003158115.1_20120600_S2D_genomic	32
GCA_003142375.1_20120800_E3S_genomic	43
GCA_003163655.1_20120800_S2D_genomic	37
GCA_003158505.1_20120600_E2D_genomic	48
GCA_003133125.1_20111000_S3M_genomic	32
GCA_003141595.1_20120800_E2X_genomic	224
GCA_003170055.1_20110800_E3M_genomic	54
GCA_003134835.1_20111000_P3D_genomic	55
GCA_003161855.1_20100900_E3D_genomic	26
GCA_003157625.1_20120600_E2D_genomic	79
GCA_003157175.1_20120600_E3D_genomic	48
GCA_003136455.1_20111000_E2D_genomic	23
GCA_003168895.1_20110600_S3D_genomic	71
GCA_003167035.1_20110700_P2S_genomic	91
GCA_003142795.1_20120800_E1X_genomic	71
GCA_003140515.1_20120800_S1M_genomic	39
GCA_003163195.1_20120800_S2X_genomic	148
GCA_003156155.1_20120600_S2D_genomic	177
GCA_003163895.1_20120700_S1S_genomic	22
GCA_003141525.1_20120800_E3D_genomic	235
GCA_003154875.1_20120700_E1D_genomic	159
GCA_003157475.1_20120600_E2D_genomic	89
GCA_003152255.1_20120700_P3D_genomic	95
GCA_003171335.1_20110800_E2D_genomic	140
GCA_003156915.1_20120600_P2M_genomic	88
GCA_003159595.1_20120700_S3D_genomic	43
GCA_003166135.1_20110700_S2M_genomic	45
GCA_003165995.1_20110700_S3M_genomic	99
GCA_003157595.1_20120600_E2D_genomic	92
GCA_003161665.1_20110600_E3M_genomic	30
GCA_003167135.1_20110700_P2M_genomic	94
GCA_003166475.1_20110700_S2D_genomic	288
GCA_003155015.1_20120600_S3D_genomic	166
GCA_003133245.1_20120500_P28_genomic	36
GCA_003166275.1_20110700_S2M_genomic	49
GCA_003157535.1_20120600_E2D_genomic	67
GCA_003157715.1_20120600_E2D_genomic	52
GCA_003131705.1_20120500_P38_genomic	68
GCA_003132045.1_20120500_P28_genomic	78
GCA_003140815.1_20120800_E3X_genomic	21
GCA_003170435.1_20110800_E3D_genomic	112
GCA_003138475.1_20110800_S3D_genomic	282
GCA_003142395.1_20120800_E3S_genomic	18
GCA_003166505.1_20110700_S2D_genomic	54
GCA_003138695.1_20110800_S2M_genomic	58
GCA_003164675.1_20120700_S1D_genomic	130
GCA_003131945.1_20120500_P32_genomic	69
GCA_003153395.1_20120700_P3D_genomic	21
GCA_003155435.1_20120700_E3D_genomic	45
GCA_003151395.1_20120700_P3D_genomic	39
GCA_003133865.1_20111000_S3M_genomic	44
GCA_003153455.1_20120700_P3D_genomic	74
GCA_003166295.1_20110700_S2M_genomic	141
GCA_003139475.1_20110800_P3M_genomic	102
GCA_003158475.1_20120600_E2D_genomic	163
GCA_003158855.1_20120600_E1D_genomic	49
GCA_003138755.1_20110800_S2M_genomic	142
GCA_003141815.1_20120800_E1X_genomic	58
GCA_003158325.1_20120600_E3D_genomic	86
GCA_003161195.1_20110600_P3S_genomic	119
GCA_003141495.1_20120800_E3S_genomic	168
GCA_003152475.1_20120700_P2D_genomic	36
GCA_003158355.1_20120600_E3D_genomic	55
GCA_003140855.1_20120800_E3X_genomic	69
GCA_003155955.1_20120600_S3D_genomic	244
GCA_003133545.1_20120500_P23_genomic	124
GCA_003163975.1_20120700_S1M_genomic	29
GCA_003161835.1_20100900_E3S_genomic	116
GCA_003156715.1_20120600_P2S_genomic	90
GCA_003132985.1_20120500_P13_genomic	104
GCA_003151825.1_20120700_P3D_genomic	62
GCA_003132375.1_20120500_P25_genomic	178
GCA_003142655.1_20120800_E2S_genomic	32
GCA_003155375.1_20120700_E3M_genomic	56
GCA_003151975.1_20120700_P3D_genomic	147
GCA_003164455.1_20120700_S1D_genomic	67
GCA_003138315.1_20110800_S3M_genomic	56
GCA_003132925.1_20120500_P13_genomic	38
GCA_003167545.1_20110700_P1M_genomic	149
GCA_003160225.1_20120700_S2D_genomic	44
GCA_003140355.1_20110800_P1M_genomic	59
GCA_003165615.1_20120700_S1D_genomic	244
GCA_003151555.1_20120700_P3D_genomic	38
GCA_003153075.1_20120700_E3M_genomic	50
GCA_003156615.1_20120600_P3M_genomic	164
GCA_003163625.1_20120800_S2S_genomic	42
GCA_003170755.1_20110800_E2M_genomic	58
GCA_003166015.1_20110700_S3M_genomic	189
GCA_003160015.1_20120700_S2X_genomic	58
GCA_003159805.1_20120700_S3D_genomic	32
GCA_003168265.1_20110700_P1S_genomic	152
GCA_003170395.1_20110800_P1D_genomic	119
GCA_003132585.1_20120500_P19_genomic	57
GCA_003161815.1_20100900_E3D_genomic	28
GCA_003155115.1_20120600_S3D_genomic	86
GCA_003160995.1_20110600_S1M_genomic	107
GCA_003139935.1_20110800_S1S_genomic	87
GCA_003151655.1_20120700_P3D_genomic	44
GCA_003135175.1_20111000_S2D_genomic	216
GCA_003136795.1_20111000_P2D_genomic	49
GCA_003166055.1_20110700_S3M_genomic	176
GCA_003152455.1_20120700_P2D_genomic	70
GCA_003154805.1_20120700_E1D_genomic	49
GCA_003154355.1_20120700_E2X_genomic	182
GCA_003161515.1_20110600_P1M_genomic	93
GCA_003151665.1_20120700_P3D_genomic	70
GCA_003170515.1_20110800_E3D_genomic	14
GCA_003167175.1_20110700_P2M_genomic	142
GCA_003142075.1_20120700_S3X_genomic	11
GCA_003155505.1_20120700_E2X_genomic	160
GCA_003153555.1_20120700_P3D_genomic	145
GCA_003154695.1_20120700_E2D_genomic	44
GCA_003161005.1_20110600_S1D_genomic	91
GCA_003158095.1_20120600_S1M_genomic	44
GCA_003165915.1_20110700_S3M_genomic	180
GCA_003164415.1_20120700_S1D_genomic	27
GCA_003152795.1_20120700_E3M_genomic	140
GCA_003162425.1_20110600_P1M_genomic	245
GCA_003138115.1_20110800_S3M_genomic	224
GCA_003170665.1_20110800_E2M_genomic	35
GCA_003166375.1_20110700_S2D_genomic	81
GCA_003139535.1_20110800_P2D_genomic	115
GCA_003161255.1_20110600_P1M_genomic	56
GCA_003160535.1_20120700_S2D_genomic	139
GCA_003139795.1_20110800_S3D_genomic	263
GCA_003160175.1_20120700_S2D_genomic	43
GCA_003151915.1_20120700_P3D_genomic	143
GCA_003136235.1_20111000_P1S_genomic	69
GCA_003170175.1_20110800_P1M_genomic	94
GCA_003132505.1_20120500_P23_genomic	105
GCA_003169775.1_20110800_P1D_genomic	156
GCA_003168415.1_20110700_E2M_genomic	34
GCA_003165815.1_20110700_S3M_genomic	39
GCA_003158205.1_20120600_P1M_genomic	80
GCA_003163695.1_20120800_S2D_genomic	30
GCA_003142975.1_20120700_S3X_genomic	79
GCA_003163375.1_20120800_S2D_genomic	97
GCA_003135415.1_20111000_P3M_genomic	46
GCA_003167955.1_20110700_P3S_genomic	120
GCA_003155995.1_20120600_S2S_genomic	27
GCA_003168755.1_20110600_S3M_genomic	33
GCA_003156595.1_20120600_P3S_genomic	101
GCA_003171125.1_20110800_E3D_genomic	401
GCA_003132245.1_20120500_P26_genomic	205
GCA_003164215.1_20120700_S1D_genomic	19
GCA_003154775.1_20120700_E1D_genomic	141
GCA_003135585.1_20111000_P3M_genomic	116
GCA_003165195.1_20120700_S1D_genomic	73
GCA_003138895.1_20110800_S1S_genomic	30
GCA_003167665.1_20110700_E3M_genomic	43
GCA_003166865.1_20110700_P3M_genomic	153
GCA_003154155.1_20120700_E3M_genomic	172
GCA_003169375.1_20110600_S3D_genomic	48
GCA_003160475.1_20120700_S1S_genomic	25
GCA_003163355.1_20120800_S2D_genomic	44
GCA_003162125.1_20100900_E2D_genomic	63
GCA_003152395.1_20120700_P2M_genomic	107
GCA_003134935.1_20111000_P3D_genomic	86
GCA_003162195.1_20100900_E1S_genomic	32
GCA_003142615.1_20120800_E2X_genomic	194
GCA_003158015.1_20120600_S2M_genomic	154
GCA_003164095.1_20120700_S1D_genomic	86
GCA_003152075.1_20120700_P3D_genomic	129
GCA_003156995.1_20120600_E3D_genomic	46
GCA_003132085.1_20120500_P28_genomic	49
GCA_003152595.1_20120700_P2D_genomic	213
GCA_003160135.1_20120700_S2M_genomic	45
GCA_003167695.1_20110700_E3M_genomic	93
GCA_003141355.1_20120800_E3X_genomic	215
GCA_003169785.1_20110800_P1D_genomic	75
GCA_003155095.1_20120600_S3D_genomic	79
GCA_003165135.1_20120700_S1D_genomic	66
GCA_003166315.1_20110700_S2D_genomic	45
GCA_003133505.1_20120500_P24_genomic	56
GCA_003151475.1_20120700_P3D_genomic	101
GCA_003131635.1_20120500_P32_genomic	119
GCA_003142715.1_20120800_E2D_genomic	146
GCA_003171155.1_20110800_E3D_genomic	150
GCA_003162835.1_20120800_S3X_genomic	45
GCA_003155235.1_20120600_S2S_genomic	96
GCA_003131485.1_20120500_P35_genomic	106
GCA_003137155.1_20110800_S3M_genomic	179
GCA_003166615.1_20110700_S1M_genomic	31
GCA_003133625.1_20120500_P19_genomic	63
GCA_003140415.1_20111000_P2D_genomic	67
GCA_003163395.1_20120800_S1X_genomic	49
GCA_003167775.1_20110700_S2D_genomic	95
GCA_003169435.1_20110600_S2M_genomic	35
GCA_003151795.1_20120700_P3D_genomic	22
GCA_003151575.1_20120700_P3D_genomic	120
GCA_003158575.1_20120600_E2D_genomic	69
GCA_003168075.1_20110700_P2D_genomic	55
GCA_003140455.1_20111000_P1M_genomic	64
GCA_003157195.1_20120600_E3D_genomic	10
GCA_003159715.1_20120700_S2X_genomic	222
GCA_003166755.1_20110700_S1D_genomic	217
GCA_003141245.1_20120800_E3X_genomic	61
GCA_003155295.1_20120600_S2M_genomic	79
GCA_003164155.1_20120700_S1D_genomic	37
GCA_003134765.1_20111000_P3D_genomic	108
GCA_003159635.1_20120700_S3D_genomic	40
GCA_003164035.1_20120700_S1D_genomic	293
GCA_003157485.1_20120600_E2D_genomic	201
GCA_003132265.1_20120500_P26_genomic	33
GCA_003154135.1_20120700_E3M_genomic	68
GCA_003160655.1_20120600_E3D_genomic	48
GCA_003139455.1_20110800_P3S_genomic	65
GCA_003152165.1_20120700_P3D_genomic	63
GCA_003134045.1_20111000_S2M_genomic	114
GCA_003158365.1_20120600_E3D_genomic	78
GCA_003153195.1_20120700_P3D_genomic	116
GCA_003141855.1_20120800_E1X_genomic	67
GCA_003153255.1_20120700_P3D_genomic	64
GCA_003157735.1_20120600_E2D_genomic	210
GCA_003136095.1_20120700_E3M_genomic	263
GCA_003158755.1_20120600_E1D_genomic	63
GCA_003155875.1_20120700_E1M_genomic	35
GCA_003154815.1_20120700_E1D_genomic	51
GCA_003142215.1_20120700_S3X_genomic	152
GCA_003157805.1_20120600_E2D_genomic	33
GCA_003161615.1_20110600_P1D_genomic	66
GCA_003136575.1_20110800_S3S_genomic	160
GCA_003168355.1_20110700_P1M_genomic	127
GCA_003136735.1_20110800_S3M_genomic	86
GCA_003166335.1_20110700_S2D_genomic	58
GCA_003140615.1_20120800_S1D_genomic	48
GCA_003141935.1_20120800_E1D_genomic	81
GCA_003157775.1_20120600_E1D_genomic	230
GCA_003136835.1_20111000_P2D_genomic	76
GCA_003161735.1_20110600_E3D_genomic	26
GCA_003169045.1_20110600_S2D_genomic	101
GCA_003155695.1_20120700_E2X_genomic	17
GCA_003136695.1_20110800_S3M_genomic	38
GCA_003136595.1_20110800_S3S_genomic	109
GCA_003133305.1_20120500_P28_genomic	30
GCA_003163935.1_20120700_S1S_genomic	28
GCA_003139775.1_20110800_S3D_genomic	63
GCA_003170355.1_20110800_P1D_genomic	64
GCA_003168915.1_20110600_S2S_genomic	38
GCA_003159515.1_20120700_S3D_genomic	141
GCA_003155765.1_20120700_E2D_genomic	81
GCA_003135435.1_20111000_P3M_genomic	74
GCA_003155675.1_20120700_E2X_genomic	338
GCA_003162155.1_20100900_E1S_genomic	55
GCA_003132525.1_20120500_P23_genomic	61
GCA_003159855.1_20120700_S3D_genomic	87
GCA_003140635.1_20120800_P2M_genomic	127
GCA_003161365.1_20110600_S1D_genomic	70
GCA_003167535.1_20110700_P1M_genomic	94
GCA_003158615.1_20120600_E2D_genomic	60
GCA_003169995.1_20110800_P1D_genomic	92
GCA_003171475.1_20110800_E1D_genomic	209
GCA_003169255.1_20110600_S1M_genomic	200
GCA_003159365.1_20120700_S3X_genomic	185
GCA_003158775.1_20120600_E1D_genomic	215
GCA_003167795.1_20110700_S2D_genomic	18
GCA_003158675.1_20120600_E2D_genomic	62
GCA_003157375.1_20120600_E2D_genomic	20
GCA_003138235.1_20110800_S3M_genomic	38
GCA_003155835.1_20120700_E1X_genomic	44
GCA_003162775.1_20120800_S3X_genomic	89
GCA_003165275.1_20120700_S1D_genomic	88
GCA_003135015.1_20111000_P2M_genomic	233
GCA_003169355.1_20110600_S3D_genomic	45
GCA_003135595.1_20111000_P3M_genomic	54
GCA_003131825.1_20120500_P35_genomic	88
GCA_003151355.1_20120700_P3D_genomic	181
GCA_003152935.1_20120700_E3M_genomic	248
GCA_003165335.1_20120700_S1D_genomic	77
GCA_003135955.1_20110700_S2D_genomic	254
GCA_003169115.1_20110600_S2D_genomic	58
GCA_003159545.1_20120700_S3D_genomic	247
GCA_003170615.1_20110800_E2S_genomic	19
GCA_003140975.1_20120800_S1M_genomic	45
GCA_003151315.1_20120700_P3D_genomic	35
GCA_003131545.1_20120500_P34_genomic	86
GCA_003162915.1_20120800_S3S_genomic	110
GCA_003152835.1_20120700_E3M_genomic	147
GCA_003138605.1_20110800_S3D_genomic	140
GCA_003162075.1_20100900_E3D_genomic	24
GCA_003138195.1_20110800_S3M_genomic	41
GCA_003157055.1_20120600_E3D_genomic	105
GCA_003152565.1_20120700_P1S_genomic	102
GCA_003160065.1_20120700_S2S_genomic	30
GCA_003139955.1_20110800_S1S_genomic	98
GCA_003131985.1_20120500_P31_genomic	72
GCA_003133905.1_20111000_S3D_genomic	107
GCA_003171495.1_20110800_E1D_genomic	110
GCA_003154615.1_20120700_E2X_genomic	198
GCA_003136215.1_20111000_P2D_genomic	274
GCA_003165555.1_20110600_S1D_genomic	134
GCA_003158555.1_20120600_E2D_genomic	41
GCA_003141575.1_20120800_E2X_genomic	237
GCA_003131405.1_20120500_P37_genomic	118
GCA_003140175.1_20110800_P2D_genomic	88
GCA_003135795.1_20111000_P2D_genomic	32
GCA_003171355.1_20110800_E2D_genomic	27
GCA_003159645.1_20120700_S3D_genomic	141
GCA_003155795.1_20120700_E1X_genomic	77
GCA_003155975.1_20120600_S3D_genomic	172
GCA_003153235.1_20120700_P3D_genomic	37
GCA_003169395.1_20110600_S2S_genomic	27
GCA_003131345.1_20120500_P38_genomic	92
GCA_003162495.1_20110600_P1M_genomic	87
GCA_003160835.1_20120700_E2X_genomic	251
GCA_003168085.1_20110700_P2D_genomic	78
GCA_003136635.1_20110800_S3S_genomic	86
GCA_003136435.1_20111000_E3D_genomic	44
GCA_003132325.1_20120500_P26_genomic	96
GCA_003142995.1_20120700_S3X_genomic	142
GCA_003155855.1_20120700_E1S_genomic	35
GCA_003137035.1_20111000_E3D_genomic	227
GCA_003141235.1_20120800_E3X_genomic	30
GCF_003170075.1_20110800_E3D_genomic	11
GCA_003168635.1_20110600_S3M_genomic	47
GCA_003134595.1_20111000_P3M_genomic	58
GCA_003139665.1_20110800_P1M_genomic	107
GCA_003167115.1_20110700_P2M_genomic	173
GCA_003163555.1_20120800_S3D_genomic	90
GCA_003139245.1_20110800_S1M_genomic	93
GCA_003132185.1_20120500_P28_genomic	34
GCA_003142675.1_20120800_E2D_genomic	124
GCA_003165705.1_20110800_E1D_genomic	130
GCA_003161385.1_20110600_S1D_genomic	53
GCA_003132645.1_20120500_P19_genomic	43
GCA_003141315.1_20120800_E3X_genomic	71
GCA_003140535.1_20120800_S1M_genomic	82
GCA_003142475.1_20120800_E3D_genomic	164
GCA_003136935.1_20111000_P1M_genomic	77
GCA_003139635.1_20110800_P2D_genomic	60
GCA_003139295.1_20110800_S1D_genomic	39
GCA_003134215.1_20111000_S2S_genomic	195
GCA_003156435.1_20120600_S1M_genomic	34
GCA_003132025.1_20120500_P31_genomic	113
GCA_003133485.1_20120500_P24_genomic	35
GCA_003131865.1_20120500_P35_genomic	57
GCA_003166695.1_20110700_S1D_genomic	176
GCA_003169595.1_20110600_S1S_genomic	31
GCA_003151195.1_20120700_P3D_genomic	36
GCA_003169285.1_20110700_E2D_genomic	36
GCA_003137075.1_20110800_S3S_genomic	99
GCA_003163615.1_20120800_S2M_genomic	139
GCA_003161435.1_20110600_P1M_genomic	84
GCA_003137055.1_20111000_E3D_genomic	13
GCA_003164535.1_20120700_S1D_genomic	240
GCA_003171415.1_20110800_E1M_genomic	109
GCA_003139755.1_20110800_S3D_genomic	58
GCA_003133285.1_20120500_P28_genomic	27
GCA_003170555.1_20110800_E3D_genomic	153
GCA_003153975.1_20120700_E3M_genomic	86
GCA_003136675.1_20110800_S3S_genomic	202
GCA_003152855.1_20120700_E3M_genomic	56
GCA_003167595.1_20110700_P1D_genomic	88
GCA_003168695.1_20110600_S3M_genomic	100
GCA_003155595.1_20120700_E2X_genomic	273
GCA_003169335.1_20110600_S3M_genomic	54
GCA_003131995.1_20120500_P31_genomic	94
GCA_003139155.1_20110800_S1M_genomic	48
GCA_003136755.1_20110800_S3M_genomic	144
GCA_003158955.1_20120500_P39_genomic	90
GCA_003155455.1_20120700_E3M_genomic	57
GCA_003156455.1_20120600_S1S_genomic	53
GCA_003140835.1_20120800_P1D_genomic	80
GCA_003132485.1_20120500_P23_genomic	85
GCA_003167305.1_20110700_P2D_genomic	60
GCA_003165175.1_20120700_S1D_genomic	225
GCA_003140935.1_20120800_E3X_genomic	76
GCA_003152135.1_20120700_P3D_genomic	80
GCA_003132865.1_20120500_P14_genomic	252
GCA_003170415.1_20110800_E3D_genomic	147
GCA_003138575.1_20110800_S3D_genomic	96
GCA_003164995.1_20120700_S1D_genomic	51
GCA_003155305.1_20120600_S2M_genomic	84
GCA_003156415.1_20120600_S1S_genomic	45
GCA_003138515.1_20110800_S3D_genomic	148
GCA_003169925.1_20110800_P1D_genomic	60
GCA_003162535.1_20110600_E2D_genomic	38
GCA_003160335.1_20120700_S1X_genomic	79
GCA_003164915.1_20120700_S1D_genomic	80
GCA_003168035.1_20110700_P2D_genomic	76
GCA_003163405.1_20120800_S1X_genomic	79
GCA_003157745.1_20120600_E2D_genomic	241
GCA_003152775.1_20120700_E3X_genomic	124
GCA_003161045.1_20110600_S1D_genomic	54
GCA_003139855.1_20110800_S2M_genomic	53
GCA_003152875.1_20120700_E3M_genomic	166
GCA_003168735.1_20110600_S3M_genomic	51
GCA_003160315.1_20120700_S1X_genomic	186
GCA_003170495.1_20110800_E3D_genomic	116
GCA_003161685.1_20110600_E3S_genomic	60
GCA_003166735.1_20110700_S1D_genomic	70
GCA_003169855.1_20110800_P1D_genomic	109
GCA_003151775.1_20120700_P3D_genomic	63
GCA_003155045.1_20120600_S3D_genomic	36
GCA_003160665.1_20120600_E2D_genomic	67
GCA_003142855.1_20120800_E1D_genomic	241
GCA_003162955.1_20120800_S3M_genomic	83
GCA_003155465.1_20120700_E3M_genomic	235
GCA_003161095.1_20110600_S1D_genomic	45
GCA_003167855.1_20110700_S1M_genomic	103
GCA_003170075.1_20110800_E3D_genomic	11
GCA_003167185.1_20110700_P2M_genomic	244
GCA_003168375.1_20110700_P1D_genomic	92
GCA_003165695.1_20110800_E1D_genomic	61
GCA_003161795.1_20110600_E1D_genomic	21
GCA_003167885.1_20110700_S1D_genomic	240
GCA_003153615.1_20120700_P2M_genomic	160
GCA_003141075.1_20120800_S1D_genomic	47
GCA_003138455.1_20110800_S3D_genomic	227
